/*
SQLyog Ultimate v12.5.1 (64 bit)
MySQL - 8.0.32 : Database - gvaschool
*********************************************************************
*/

/*!40101 SET NAMES utf8 */;

/*!40101 SET SQL_MODE=''*/;

/*!40014 SET @OLD_UNIQUE_CHECKS=@@UNIQUE_CHECKS, UNIQUE_CHECKS=0 */;
/*!40014 SET @OLD_FOREIGN_KEY_CHECKS=@@FOREIGN_KEY_CHECKS, FOREIGN_KEY_CHECKS=0 */;
/*!40101 SET @OLD_SQL_MODE=@@SQL_MODE, SQL_MODE='NO_AUTO_VALUE_ON_ZERO' */;
/*!40111 SET @OLD_SQL_NOTES=@@SQL_NOTES, SQL_NOTES=0 */;
/*Data for the table `casbin_rule` */

insert  into `casbin_rule`(`id`,`ptype`,`v0`,`v1`,`v2`,`v3`,`v4`,`v5`) values 
(182,'p','888','/api/createApi','POST','','',''),
(183,'p','888','/api/deleteApi','POST','','',''),
(188,'p','888','/api/deleteApisByIds','DELETE','','',''),
(186,'p','888','/api/getAllApis','POST','','',''),
(187,'p','888','/api/getApiById','POST','','',''),
(185,'p','888','/api/getApiList','POST','','',''),
(184,'p','888','/api/updateApi','POST','','',''),
(189,'p','888','/authority/copyAuthority','POST','','',''),
(190,'p','888','/authority/createAuthority','POST','','',''),
(191,'p','888','/authority/deleteAuthority','POST','','',''),
(193,'p','888','/authority/getAuthorityList','POST','','',''),
(194,'p','888','/authority/setDataAuthority','POST','','',''),
(192,'p','888','/authority/updateAuthority','PUT','','',''),
(258,'p','888','/authorityBtn/canRemoveAuthorityBtn','POST','','',''),
(257,'p','888','/authorityBtn/getAuthorityBtn','POST','','',''),
(256,'p','888','/authorityBtn/setAuthorityBtn','POST','','',''),
(230,'p','888','/autoCode/createPackage','POST','','',''),
(227,'p','888','/autoCode/createPlug','POST','','',''),
(224,'p','888','/autoCode/createTemp','POST','','',''),
(232,'p','888','/autoCode/delPackage','POST','','',''),
(236,'p','888','/autoCode/delSysHistory','POST','','',''),
(226,'p','888','/autoCode/getColumn','GET','','',''),
(222,'p','888','/autoCode/getDB','GET','','',''),
(233,'p','888','/autoCode/getMeta','POST','','',''),
(231,'p','888','/autoCode/getPackage','POST','','',''),
(235,'p','888','/autoCode/getSysHistory','POST','','',''),
(223,'p','888','/autoCode/getTables','GET','','',''),
(228,'p','888','/autoCode/installPlugin','POST','','',''),
(225,'p','888','/autoCode/preview','POST','','',''),
(229,'p','888','/autoCode/pubPlug','POST','','',''),
(234,'p','888','/autoCode/rollback','POST','','',''),
(196,'p','888','/casbin/getPolicyPathByAuthorityId','POST','','',''),
(195,'p','888','/casbin/updateCasbin','POST','','',''),
(260,'p','888','/chatGpt/createSK','POST','','',''),
(262,'p','888','/chatGpt/deleteSK','DELETE','','',''),
(261,'p','888','/chatGpt/getSK','GET','','',''),
(259,'p','888','/chatGpt/getTable','POST','','',''),
(263,'p','888','/CP/createCompetitionPrize','POST','','',''),
(264,'p','888','/CP/deleteCompetitionPrize','DELETE','','',''),
(265,'p','888','/CP/deleteCompetitionPrizeByIds','DELETE','','',''),
(267,'p','888','/CP/findCompetitionPrize','GET','','',''),
(268,'p','888','/CP/getCompetitionPrizeList','GET','','',''),
(266,'p','888','/CP/updateCompetitionPrize','PUT','','',''),
(219,'p','888','/customer/customer','DELETE','','',''),
(220,'p','888','/customer/customer','GET','','',''),
(218,'p','888','/customer/customer','POST','','',''),
(217,'p','888','/customer/customer','PUT','','',''),
(221,'p','888','/customer/customerList','GET','','',''),
(255,'p','888','/email/emailTest','POST','','',''),
(207,'p','888','/fileUploadAndDownload/breakpointContinue','POST','','',''),
(208,'p','888','/fileUploadAndDownload/breakpointContinueFinish','POST','','',''),
(211,'p','888','/fileUploadAndDownload/deleteFile','POST','','',''),
(212,'p','888','/fileUploadAndDownload/editFileName','POST','','',''),
(206,'p','888','/fileUploadAndDownload/findFile','GET','','',''),
(213,'p','888','/fileUploadAndDownload/getFileList','POST','','',''),
(209,'p','888','/fileUploadAndDownload/removeChunk','POST','','',''),
(210,'p','888','/fileUploadAndDownload/upload','POST','','',''),
(171,'p','888','/jwt/jsonInBlacklist','POST','','',''),
(197,'p','888','/menu/addBaseMenu','POST','','',''),
(205,'p','888','/menu/addMenuAuthority','POST','','',''),
(199,'p','888','/menu/deleteBaseMenu','POST','','',''),
(201,'p','888','/menu/getBaseMenuById','POST','','',''),
(203,'p','888','/menu/getBaseMenuTree','POST','','',''),
(198,'p','888','/menu/getMenu','POST','','',''),
(204,'p','888','/menu/getMenuAuthority','POST','','',''),
(202,'p','888','/menu/getMenuList','POST','','',''),
(200,'p','888','/menu/updateBaseMenu','POST','','',''),
(253,'p','888','/simpleUploader/checkFileMd5','GET','','',''),
(254,'p','888','/simpleUploader/mergeFileMd5','GET','','',''),
(252,'p','888','/simpleUploader/upload','POST','','',''),
(242,'p','888','/sysDictionary/createSysDictionary','POST','','',''),
(243,'p','888','/sysDictionary/deleteSysDictionary','DELETE','','',''),
(245,'p','888','/sysDictionary/findSysDictionary','GET','','',''),
(246,'p','888','/sysDictionary/getSysDictionaryList','GET','','',''),
(244,'p','888','/sysDictionary/updateSysDictionary','PUT','','',''),
(238,'p','888','/sysDictionaryDetail/createSysDictionaryDetail','POST','','',''),
(239,'p','888','/sysDictionaryDetail/deleteSysDictionaryDetail','DELETE','','',''),
(240,'p','888','/sysDictionaryDetail/findSysDictionaryDetail','GET','','',''),
(241,'p','888','/sysDictionaryDetail/getSysDictionaryDetailList','GET','','',''),
(237,'p','888','/sysDictionaryDetail/updateSysDictionaryDetail','PUT','','',''),
(247,'p','888','/sysOperationRecord/createSysOperationRecord','POST','','',''),
(250,'p','888','/sysOperationRecord/deleteSysOperationRecord','DELETE','','',''),
(251,'p','888','/sysOperationRecord/deleteSysOperationRecordByIds','DELETE','','',''),
(248,'p','888','/sysOperationRecord/findSysOperationRecord','GET','','',''),
(249,'p','888','/sysOperationRecord/getSysOperationRecordList','GET','','',''),
(214,'p','888','/system/getServerInfo','POST','','',''),
(215,'p','888','/system/getSystemConfig','POST','','',''),
(216,'p','888','/system/setSystemConfig','POST','','',''),
(173,'p','888','/user/admin_register','POST','','',''),
(179,'p','888','/user/changePassword','POST','','',''),
(172,'p','888','/user/deleteUser','DELETE','','',''),
(177,'p','888','/user/getUserInfo','GET','','',''),
(174,'p','888','/user/getUserList','POST','','',''),
(181,'p','888','/user/resetPassword','POST','','',''),
(176,'p','888','/user/setSelfInfo','PUT','','',''),
(178,'p','888','/user/setUserAuthorities','POST','','',''),
(180,'p','888','/user/setUserAuthority','POST','','',''),
(175,'p','888','/user/setUserInfo','PUT','','',''),
(95,'p','8881','/api/createApi','POST','','',''),
(98,'p','8881','/api/deleteApi','POST','','',''),
(100,'p','8881','/api/getAllApis','POST','','',''),
(97,'p','8881','/api/getApiById','POST','','',''),
(96,'p','8881','/api/getApiList','POST','','',''),
(99,'p','8881','/api/updateApi','POST','','',''),
(101,'p','8881','/authority/createAuthority','POST','','',''),
(102,'p','8881','/authority/deleteAuthority','POST','','',''),
(103,'p','8881','/authority/getAuthorityList','POST','','',''),
(104,'p','8881','/authority/setDataAuthority','POST','','',''),
(122,'p','8881','/casbin/getPolicyPathByAuthorityId','POST','','',''),
(121,'p','8881','/casbin/updateCasbin','POST','','',''),
(128,'p','8881','/customer/customer','DELETE','','',''),
(129,'p','8881','/customer/customer','GET','','',''),
(126,'p','8881','/customer/customer','POST','','',''),
(127,'p','8881','/customer/customer','PUT','','',''),
(130,'p','8881','/customer/customerList','GET','','',''),
(119,'p','8881','/fileUploadAndDownload/deleteFile','POST','','',''),
(120,'p','8881','/fileUploadAndDownload/editFileName','POST','','',''),
(118,'p','8881','/fileUploadAndDownload/getFileList','POST','','',''),
(117,'p','8881','/fileUploadAndDownload/upload','POST','','',''),
(123,'p','8881','/jwt/jsonInBlacklist','POST','','',''),
(107,'p','8881','/menu/addBaseMenu','POST','','',''),
(109,'p','8881','/menu/addMenuAuthority','POST','','',''),
(111,'p','8881','/menu/deleteBaseMenu','POST','','',''),
(113,'p','8881','/menu/getBaseMenuById','POST','','',''),
(108,'p','8881','/menu/getBaseMenuTree','POST','','',''),
(105,'p','8881','/menu/getMenu','POST','','',''),
(110,'p','8881','/menu/getMenuAuthority','POST','','',''),
(106,'p','8881','/menu/getMenuList','POST','','',''),
(112,'p','8881','/menu/updateBaseMenu','POST','','',''),
(124,'p','8881','/system/getSystemConfig','POST','','',''),
(125,'p','8881','/system/setSystemConfig','POST','','',''),
(94,'p','8881','/user/admin_register','POST','','',''),
(114,'p','8881','/user/changePassword','POST','','',''),
(131,'p','8881','/user/getUserInfo','GET','','',''),
(115,'p','8881','/user/getUserList','POST','','',''),
(116,'p','8881','/user/setUserAuthority','POST','','',''),
(133,'p','9528','/api/createApi','POST','','',''),
(136,'p','9528','/api/deleteApi','POST','','',''),
(138,'p','9528','/api/getAllApis','POST','','',''),
(135,'p','9528','/api/getApiById','POST','','',''),
(134,'p','9528','/api/getApiList','POST','','',''),
(137,'p','9528','/api/updateApi','POST','','',''),
(139,'p','9528','/authority/createAuthority','POST','','',''),
(140,'p','9528','/authority/deleteAuthority','POST','','',''),
(141,'p','9528','/authority/getAuthorityList','POST','','',''),
(142,'p','9528','/authority/setDataAuthority','POST','','',''),
(169,'p','9528','/autoCode/createTemp','POST','','',''),
(160,'p','9528','/casbin/getPolicyPathByAuthorityId','POST','','',''),
(159,'p','9528','/casbin/updateCasbin','POST','','',''),
(167,'p','9528','/customer/customer','DELETE','','',''),
(165,'p','9528','/customer/customer','GET','','',''),
(166,'p','9528','/customer/customer','POST','','',''),
(164,'p','9528','/customer/customer','PUT','','',''),
(168,'p','9528','/customer/customerList','GET','','',''),
(157,'p','9528','/fileUploadAndDownload/deleteFile','POST','','',''),
(158,'p','9528','/fileUploadAndDownload/editFileName','POST','','',''),
(156,'p','9528','/fileUploadAndDownload/getFileList','POST','','',''),
(155,'p','9528','/fileUploadAndDownload/upload','POST','','',''),
(161,'p','9528','/jwt/jsonInBlacklist','POST','','',''),
(145,'p','9528','/menu/addBaseMenu','POST','','',''),
(147,'p','9528','/menu/addMenuAuthority','POST','','',''),
(149,'p','9528','/menu/deleteBaseMenu','POST','','',''),
(151,'p','9528','/menu/getBaseMenuById','POST','','',''),
(146,'p','9528','/menu/getBaseMenuTree','POST','','',''),
(143,'p','9528','/menu/getMenu','POST','','',''),
(148,'p','9528','/menu/getMenuAuthority','POST','','',''),
(144,'p','9528','/menu/getMenuList','POST','','',''),
(150,'p','9528','/menu/updateBaseMenu','POST','','',''),
(162,'p','9528','/system/getSystemConfig','POST','','',''),
(163,'p','9528','/system/setSystemConfig','POST','','',''),
(132,'p','9528','/user/admin_register','POST','','',''),
(152,'p','9528','/user/changePassword','POST','','',''),
(170,'p','9528','/user/getUserInfo','GET','','',''),
(153,'p','9528','/user/getUserList','POST','','',''),
(154,'p','9528','/user/setUserAuthority','POST','','','');

/*Data for the table `competitionprize` */

/*Data for the table `exa_customers` */

/*Data for the table `exa_file_chunks` */

/*Data for the table `exa_file_upload_and_downloads` */

insert  into `exa_file_upload_and_downloads`(`id`,`created_at`,`updated_at`,`deleted_at`,`name`,`url`,`tag`,`key`) values 
(1,'2023-11-10 16:24:54.325','2023-11-10 16:24:54.325',NULL,'10.png','https://qmplusimg.henrongyi.top/gvalogo.png','png','158787308910.png'),
(2,'2023-11-10 16:24:54.325','2023-11-10 16:24:54.325',NULL,'logo.png','https://qmplusimg.henrongyi.top/1576554439myAvatar.png','png','1587973709logo.png');

/*Data for the table `exa_files` */

/*Data for the table `jwt_blacklists` */

insert  into `jwt_blacklists`(`id`,`created_at`,`updated_at`,`deleted_at`,`jwt`) values 
(1,'2023-11-10 16:44:06.467','2023-11-10 16:44:06.467',NULL,'eyJhbGciOiJIUzI1NiIsInR5cCI6IkpXVCJ9.eyJVVUlEIjoiODdlZmMwNTYtNzg2Ni00Y2FkLWIxNWItNTQ1ZGUxZDQzNDJhIiwiSUQiOjEsIlVzZXJuYW1lIjoiYWRtaW4iLCJOaWNrTmFtZSI6Ik1yLuWlh-a3vCIsIkF1dGhvcml0eUlkIjo4ODgsIkJ1ZmZlclRpbWUiOjg2NDAwLCJpc3MiOiJxbVBsdXMiLCJhdWQiOlsiR1ZBIl0sImV4cCI6MTcwMDIwOTUwMCwibmJmIjoxNjk5NjA0NzAwfQ.KSZJ_baARalQyMO0dcBjX-Kn9onCyKp9xKu0GtO9S00');

/*Data for the table `sys_apis` */

insert  into `sys_apis`(`id`,`created_at`,`updated_at`,`deleted_at`,`path`,`description`,`api_group`,`method`) values 
(1,'2023-11-10 16:24:54.178','2023-11-10 16:24:54.178',NULL,'/jwt/jsonInBlacklist','jwt加入黑名单(退出，必选)','jwt','POST'),
(2,'2023-11-10 16:24:54.178','2023-11-10 16:24:54.178',NULL,'/user/deleteUser','删除用户','系统用户','DELETE'),
(3,'2023-11-10 16:24:54.178','2023-11-10 16:24:54.178',NULL,'/user/admin_register','用户注册','系统用户','POST'),
(4,'2023-11-10 16:24:54.178','2023-11-10 16:24:54.178',NULL,'/user/getUserList','获取用户列表','系统用户','POST'),
(5,'2023-11-10 16:24:54.178','2023-11-10 16:24:54.178',NULL,'/user/setUserInfo','设置用户信息','系统用户','PUT'),
(6,'2023-11-10 16:24:54.178','2023-11-10 16:24:54.178',NULL,'/user/setSelfInfo','设置自身信息(必选)','系统用户','PUT'),
(7,'2023-11-10 16:24:54.178','2023-11-10 16:24:54.178',NULL,'/user/getUserInfo','获取自身信息(必选)','系统用户','GET'),
(8,'2023-11-10 16:24:54.178','2023-11-10 16:24:54.178',NULL,'/user/setUserAuthorities','设置权限组','系统用户','POST'),
(9,'2023-11-10 16:24:54.178','2023-11-10 16:24:54.178',NULL,'/user/changePassword','修改密码（建议选择)','系统用户','POST'),
(10,'2023-11-10 16:24:54.178','2023-11-10 16:24:54.178',NULL,'/user/setUserAuthority','修改用户角色(必选)','系统用户','POST'),
(11,'2023-11-10 16:24:54.178','2023-11-10 16:24:54.178',NULL,'/user/resetPassword','重置用户密码','系统用户','POST'),
(12,'2023-11-10 16:24:54.178','2023-11-10 16:24:54.178',NULL,'/api/createApi','创建api','api','POST'),
(13,'2023-11-10 16:24:54.178','2023-11-10 16:24:54.178',NULL,'/api/deleteApi','删除Api','api','POST'),
(14,'2023-11-10 16:24:54.178','2023-11-10 16:24:54.178',NULL,'/api/updateApi','更新Api','api','POST'),
(15,'2023-11-10 16:24:54.178','2023-11-10 16:24:54.178',NULL,'/api/getApiList','获取api列表','api','POST'),
(16,'2023-11-10 16:24:54.178','2023-11-10 16:24:54.178',NULL,'/api/getAllApis','获取所有api','api','POST'),
(17,'2023-11-10 16:24:54.178','2023-11-10 16:24:54.178',NULL,'/api/getApiById','获取api详细信息','api','POST'),
(18,'2023-11-10 16:24:54.178','2023-11-10 16:24:54.178',NULL,'/api/deleteApisByIds','批量删除api','api','DELETE'),
(19,'2023-11-10 16:24:54.178','2023-11-10 16:24:54.178',NULL,'/authority/copyAuthority','拷贝角色','角色','POST'),
(20,'2023-11-10 16:24:54.178','2023-11-10 16:24:54.178',NULL,'/authority/createAuthority','创建角色','角色','POST'),
(21,'2023-11-10 16:24:54.178','2023-11-10 16:24:54.178',NULL,'/authority/deleteAuthority','删除角色','角色','POST'),
(22,'2023-11-10 16:24:54.178','2023-11-10 16:24:54.178',NULL,'/authority/updateAuthority','更新角色信息','角色','PUT'),
(23,'2023-11-10 16:24:54.178','2023-11-10 16:24:54.178',NULL,'/authority/getAuthorityList','获取角色列表','角色','POST'),
(24,'2023-11-10 16:24:54.178','2023-11-10 16:24:54.178',NULL,'/authority/setDataAuthority','设置角色资源权限','角色','POST'),
(25,'2023-11-10 16:24:54.178','2023-11-10 16:24:54.178',NULL,'/casbin/updateCasbin','更改角色api权限','casbin','POST'),
(26,'2023-11-10 16:24:54.178','2023-11-10 16:24:54.178',NULL,'/casbin/getPolicyPathByAuthorityId','获取权限列表','casbin','POST'),
(27,'2023-11-10 16:24:54.178','2023-11-10 16:24:54.178',NULL,'/menu/addBaseMenu','新增菜单','菜单','POST'),
(28,'2023-11-10 16:24:54.178','2023-11-10 16:24:54.178',NULL,'/menu/getMenu','获取菜单树(必选)','菜单','POST'),
(29,'2023-11-10 16:24:54.178','2023-11-10 16:24:54.178',NULL,'/menu/deleteBaseMenu','删除菜单','菜单','POST'),
(30,'2023-11-10 16:24:54.178','2023-11-10 16:24:54.178',NULL,'/menu/updateBaseMenu','更新菜单','菜单','POST'),
(31,'2023-11-10 16:24:54.178','2023-11-10 16:24:54.178',NULL,'/menu/getBaseMenuById','根据id获取菜单','菜单','POST'),
(32,'2023-11-10 16:24:54.178','2023-11-10 16:24:54.178',NULL,'/menu/getMenuList','分页获取基础menu列表','菜单','POST'),
(33,'2023-11-10 16:24:54.178','2023-11-10 16:24:54.178',NULL,'/menu/getBaseMenuTree','获取用户动态路由','菜单','POST'),
(34,'2023-11-10 16:24:54.178','2023-11-10 16:24:54.178',NULL,'/menu/getMenuAuthority','获取指定角色menu','菜单','POST'),
(35,'2023-11-10 16:24:54.178','2023-11-10 16:24:54.178',NULL,'/menu/addMenuAuthority','增加menu和角色关联关系','菜单','POST'),
(36,'2023-11-10 16:24:54.178','2023-11-10 16:24:54.178',NULL,'/fileUploadAndDownload/findFile','寻找目标文件（秒传）','分片上传','GET'),
(37,'2023-11-10 16:24:54.178','2023-11-10 16:24:54.178',NULL,'/fileUploadAndDownload/breakpointContinue','断点续传','分片上传','POST'),
(38,'2023-11-10 16:24:54.178','2023-11-10 16:24:54.178',NULL,'/fileUploadAndDownload/breakpointContinueFinish','断点续传完成','分片上传','POST'),
(39,'2023-11-10 16:24:54.178','2023-11-10 16:24:54.178',NULL,'/fileUploadAndDownload/removeChunk','上传完成移除文件','分片上传','POST'),
(40,'2023-11-10 16:24:54.178','2023-11-10 16:24:54.178',NULL,'/fileUploadAndDownload/upload','文件上传示例','文件上传与下载','POST'),
(41,'2023-11-10 16:24:54.178','2023-11-10 16:24:54.178',NULL,'/fileUploadAndDownload/deleteFile','删除文件','文件上传与下载','POST'),
(42,'2023-11-10 16:24:54.178','2023-11-10 16:24:54.178',NULL,'/fileUploadAndDownload/editFileName','文件名或者备注编辑','文件上传与下载','POST'),
(43,'2023-11-10 16:24:54.178','2023-11-10 16:24:54.178',NULL,'/fileUploadAndDownload/getFileList','获取上传文件列表','文件上传与下载','POST'),
(44,'2023-11-10 16:24:54.178','2023-11-10 16:24:54.178',NULL,'/system/getServerInfo','获取服务器信息','系统服务','POST'),
(45,'2023-11-10 16:24:54.178','2023-11-10 16:24:54.178',NULL,'/system/getSystemConfig','获取配置文件内容','系统服务','POST'),
(46,'2023-11-10 16:24:54.178','2023-11-10 16:24:54.178',NULL,'/system/setSystemConfig','设置配置文件内容','系统服务','POST'),
(47,'2023-11-10 16:24:54.178','2023-11-10 16:24:54.178',NULL,'/customer/customer','更新客户','客户','PUT'),
(48,'2023-11-10 16:24:54.178','2023-11-10 16:24:54.178',NULL,'/customer/customer','创建客户','客户','POST'),
(49,'2023-11-10 16:24:54.178','2023-11-10 16:24:54.178',NULL,'/customer/customer','删除客户','客户','DELETE'),
(50,'2023-11-10 16:24:54.178','2023-11-10 16:24:54.178',NULL,'/customer/customer','获取单一客户','客户','GET'),
(51,'2023-11-10 16:24:54.178','2023-11-10 16:24:54.178',NULL,'/customer/customerList','获取客户列表','客户','GET'),
(52,'2023-11-10 16:24:54.178','2023-11-10 16:24:54.178',NULL,'/autoCode/getDB','获取所有数据库','代码生成器','GET'),
(53,'2023-11-10 16:24:54.178','2023-11-10 16:24:54.178',NULL,'/autoCode/getTables','获取数据库表','代码生成器','GET'),
(54,'2023-11-10 16:24:54.178','2023-11-10 16:24:54.178',NULL,'/autoCode/createTemp','自动化代码','代码生成器','POST'),
(55,'2023-11-10 16:24:54.178','2023-11-10 16:24:54.178',NULL,'/autoCode/preview','预览自动化代码','代码生成器','POST'),
(56,'2023-11-10 16:24:54.178','2023-11-10 16:24:54.178',NULL,'/autoCode/getColumn','获取所选table的所有字段','代码生成器','GET'),
(57,'2023-11-10 16:24:54.178','2023-11-10 16:24:54.178',NULL,'/autoCode/createPlug','自动创建插件包','代码生成器','POST'),
(58,'2023-11-10 16:24:54.178','2023-11-10 16:24:54.178',NULL,'/autoCode/installPlugin','安装插件','代码生成器','POST'),
(59,'2023-11-10 16:24:54.178','2023-11-10 16:24:54.178',NULL,'/autoCode/pubPlug','打包插件','代码生成器','POST'),
(60,'2023-11-10 16:24:54.178','2023-11-10 16:24:54.178',NULL,'/autoCode/createPackage','生成包(package)','包（pkg）生成器','POST'),
(61,'2023-11-10 16:24:54.178','2023-11-10 16:24:54.178',NULL,'/autoCode/getPackage','获取所有包(package)','包（pkg）生成器','POST'),
(62,'2023-11-10 16:24:54.178','2023-11-10 16:24:54.178',NULL,'/autoCode/delPackage','删除包(package)','包（pkg）生成器','POST'),
(63,'2023-11-10 16:24:54.178','2023-11-10 16:24:54.178',NULL,'/autoCode/getMeta','获取meta信息','代码生成器历史','POST'),
(64,'2023-11-10 16:24:54.178','2023-11-10 16:24:54.178',NULL,'/autoCode/rollback','回滚自动生成代码','代码生成器历史','POST'),
(65,'2023-11-10 16:24:54.178','2023-11-10 16:24:54.178',NULL,'/autoCode/getSysHistory','查询回滚记录','代码生成器历史','POST'),
(66,'2023-11-10 16:24:54.178','2023-11-10 16:24:54.178',NULL,'/autoCode/delSysHistory','删除回滚记录','代码生成器历史','POST'),
(67,'2023-11-10 16:24:54.178','2023-11-10 16:24:54.178',NULL,'/sysDictionaryDetail/updateSysDictionaryDetail','更新字典内容','系统字典详情','PUT'),
(68,'2023-11-10 16:24:54.178','2023-11-10 16:24:54.178',NULL,'/sysDictionaryDetail/createSysDictionaryDetail','新增字典内容','系统字典详情','POST'),
(69,'2023-11-10 16:24:54.178','2023-11-10 16:24:54.178',NULL,'/sysDictionaryDetail/deleteSysDictionaryDetail','删除字典内容','系统字典详情','DELETE'),
(70,'2023-11-10 16:24:54.178','2023-11-10 16:24:54.178',NULL,'/sysDictionaryDetail/findSysDictionaryDetail','根据ID获取字典内容','系统字典详情','GET'),
(71,'2023-11-10 16:24:54.178','2023-11-10 16:24:54.178',NULL,'/sysDictionaryDetail/getSysDictionaryDetailList','获取字典内容列表','系统字典详情','GET'),
(72,'2023-11-10 16:24:54.178','2023-11-10 16:24:54.178',NULL,'/sysDictionary/createSysDictionary','新增字典','系统字典','POST'),
(73,'2023-11-10 16:24:54.178','2023-11-10 16:24:54.178',NULL,'/sysDictionary/deleteSysDictionary','删除字典','系统字典','DELETE'),
(74,'2023-11-10 16:24:54.178','2023-11-10 16:24:54.178',NULL,'/sysDictionary/updateSysDictionary','更新字典','系统字典','PUT'),
(75,'2023-11-10 16:24:54.178','2023-11-10 16:24:54.178',NULL,'/sysDictionary/findSysDictionary','根据ID获取字典','系统字典','GET'),
(76,'2023-11-10 16:24:54.178','2023-11-10 16:24:54.178',NULL,'/sysDictionary/getSysDictionaryList','获取字典列表','系统字典','GET'),
(77,'2023-11-10 16:24:54.178','2023-11-10 16:24:54.178',NULL,'/sysOperationRecord/createSysOperationRecord','新增操作记录','操作记录','POST'),
(78,'2023-11-10 16:24:54.178','2023-11-10 16:24:54.178',NULL,'/sysOperationRecord/findSysOperationRecord','根据ID获取操作记录','操作记录','GET'),
(79,'2023-11-10 16:24:54.178','2023-11-10 16:24:54.178',NULL,'/sysOperationRecord/getSysOperationRecordList','获取操作记录列表','操作记录','GET'),
(80,'2023-11-10 16:24:54.178','2023-11-10 16:24:54.178',NULL,'/sysOperationRecord/deleteSysOperationRecord','删除操作记录','操作记录','DELETE'),
(81,'2023-11-10 16:24:54.178','2023-11-10 16:24:54.178',NULL,'/sysOperationRecord/deleteSysOperationRecordByIds','批量删除操作历史','操作记录','DELETE'),
(82,'2023-11-10 16:24:54.178','2023-11-10 16:24:54.178',NULL,'/simpleUploader/upload','插件版分片上传','断点续传(插件版)','POST'),
(83,'2023-11-10 16:24:54.178','2023-11-10 16:24:54.178',NULL,'/simpleUploader/checkFileMd5','文件完整度验证','断点续传(插件版)','GET'),
(84,'2023-11-10 16:24:54.178','2023-11-10 16:24:54.178',NULL,'/simpleUploader/mergeFileMd5','上传完成合并文件','断点续传(插件版)','GET'),
(85,'2023-11-10 16:24:54.178','2023-11-10 16:24:54.178',NULL,'/email/emailTest','发送测试邮件','email','POST'),
(86,'2023-11-10 16:24:54.178','2023-11-10 16:24:54.178',NULL,'/email/emailSend','发送邮件示例','email','POST'),
(87,'2023-11-10 16:24:54.178','2023-11-10 16:24:54.178',NULL,'/authorityBtn/setAuthorityBtn','设置按钮权限','按钮权限','POST'),
(88,'2023-11-10 16:24:54.178','2023-11-10 16:24:54.178',NULL,'/authorityBtn/getAuthorityBtn','获取已有按钮权限','按钮权限','POST'),
(89,'2023-11-10 16:24:54.178','2023-11-10 16:24:54.178',NULL,'/authorityBtn/canRemoveAuthorityBtn','删除按钮','按钮权限','POST'),
(90,'2023-11-10 16:24:54.178','2023-11-10 16:24:54.178',NULL,'/chatGpt/getTable','通过gpt获取内容','万用表格','POST'),
(91,'2023-11-10 16:24:54.178','2023-11-10 16:24:54.178',NULL,'/chatGpt/createSK','录入sk','万用表格','POST'),
(92,'2023-11-10 16:24:54.178','2023-11-10 16:24:54.178',NULL,'/chatGpt/getSK','获取sk','万用表格','GET'),
(93,'2023-11-10 16:24:54.178','2023-11-10 16:24:54.178',NULL,'/chatGpt/deleteSK','删除sk','万用表格','DELETE'),
(94,'2023-11-11 13:08:26.643','2023-11-11 13:08:26.643',NULL,'/CP/createCompetitionPrize','新增比赛获奖申报','比赛获奖申报','POST'),
(95,'2023-11-11 13:08:26.646','2023-11-11 13:08:26.646',NULL,'/CP/deleteCompetitionPrize','删除比赛获奖申报','比赛获奖申报','DELETE'),
(96,'2023-11-11 13:08:26.646','2023-11-11 13:08:26.646',NULL,'/CP/deleteCompetitionPrizeByIds','批量删除比赛获奖申报','比赛获奖申报','DELETE'),
(97,'2023-11-11 13:08:26.647','2023-11-11 13:08:26.647',NULL,'/CP/updateCompetitionPrize','更新比赛获奖申报','比赛获奖申报','PUT'),
(98,'2023-11-11 13:08:26.648','2023-11-11 13:08:26.648',NULL,'/CP/findCompetitionPrize','根据ID获取比赛获奖申报','比赛获奖申报','GET'),
(99,'2023-11-11 13:08:26.649','2023-11-11 13:08:26.649',NULL,'/CP/getCompetitionPrizeList','获取比赛获奖申报列表','比赛获奖申报','GET');

/*Data for the table `sys_authorities` */

insert  into `sys_authorities`(`created_at`,`updated_at`,`deleted_at`,`authority_id`,`authority_name`,`parent_id`,`default_router`) values 
('2023-11-10 16:24:54.186','2023-11-11 13:25:27.967',NULL,888,'普通用户',0,'dashboard'),
('2023-11-10 16:24:54.186','2023-11-10 16:24:54.322',NULL,8881,'普通用户子角色',888,'dashboard'),
('2023-11-10 16:24:54.186','2023-11-10 16:24:54.318',NULL,9528,'测试角色',0,'dashboard');

/*Data for the table `sys_authority_btns` */

/*Data for the table `sys_authority_menus` */

insert  into `sys_authority_menus`(`sys_base_menu_id`,`sys_authority_authority_id`) values 
(1,888),
(1,8881),
(1,9528),
(2,888),
(2,8881),
(2,9528),
(3,888),
(4,888),
(4,8881),
(5,888),
(5,8881),
(6,888),
(6,8881),
(7,888),
(7,8881),
(8,888),
(8,8881),
(8,9528),
(9,888),
(9,8881),
(10,888),
(10,8881),
(11,888),
(11,8881),
(12,888),
(13,888),
(13,8881),
(14,888),
(14,8881),
(15,888),
(15,8881),
(16,888),
(16,8881),
(17,888),
(17,8881),
(18,888),
(19,888),
(20,888),
(21,888),
(22,888),
(23,888),
(24,888),
(25,888),
(26,888),
(27,888),
(28,888),
(29,888),
(30,888),
(31,888),
(33,888);

/*Data for the table `sys_auto_code_histories` */

insert  into `sys_auto_code_histories`(`id`,`created_at`,`updated_at`,`deleted_at`,`package`,`business_db`,`table_name`,`request_meta`,`auto_code_path`,`injection_meta`,`struct_name`,`struct_cn_name`,`api_ids`,`flag`) values 
(1,'2023-11-11 13:08:27.210','2023-11-11 13:08:27.210',NULL,'ApplySystem','','CompetitionPrize','{\"structName\":\"CompetitionPrize\",\"tableName\":\"CompetitionPrize\",\"packageName\":\"competitionPrize\",\"humpPackageName\":\"competition_prize\",\"abbreviation\":\"CP\",\"description\":\"比赛获奖申报\",\"autoCreateApiToSql\":true,\"autoCreateResource\":false,\"autoMoveFile\":true,\"businessDB\":\"\",\"fields\":[{\"fieldName\":\"Student_id\",\"fieldDesc\":\"学号\",\"fieldType\":\"string\",\"fieldJson\":\"student_id\",\"dataTypeLong\":\"50\",\"comment\":\"\",\"columnName\":\"student_id\",\"fieldSearchType\":\"=\",\"dictType\":\"\",\"require\":true,\"errorText\":\"\",\"clearable\":true,\"sort\":false},{\"fieldName\":\"Student_name\",\"fieldDesc\":\"学生姓名\",\"fieldType\":\"string\",\"fieldJson\":\"student_name\",\"dataTypeLong\":\"20\",\"comment\":\"\",\"columnName\":\"student_name\",\"fieldSearchType\":\"LIKE\",\"dictType\":\"\",\"require\":true,\"errorText\":\"\",\"clearable\":true,\"sort\":false},{\"fieldName\":\"Competition_name\",\"fieldDesc\":\"比赛名称\",\"fieldType\":\"string\",\"fieldJson\":\"competition_name\",\"dataTypeLong\":\"100\",\"comment\":\"\",\"columnName\":\"competition_name\",\"fieldSearchType\":\"\",\"dictType\":\"\",\"require\":true,\"errorText\":\"\",\"clearable\":true,\"sort\":false},{\"fieldName\":\"Award_time\",\"fieldDesc\":\"获奖时间\",\"fieldType\":\"time.Time\",\"fieldJson\":\"award_time\",\"dataTypeLong\":\"\",\"comment\":\"\",\"columnName\":\"award_time\",\"fieldSearchType\":\"BETWEEN\",\"dictType\":\"\",\"require\":false,\"errorText\":\"\",\"clearable\":true,\"sort\":false},{\"fieldName\":\"Award_type\",\"fieldDesc\":\"获奖类别\",\"fieldType\":\"string\",\"fieldJson\":\"award_type\",\"dataTypeLong\":\"20\",\"comment\":\"\",\"columnName\":\"award_type\",\"fieldSearchType\":\"\",\"dictType\":\"\",\"require\":true,\"errorText\":\"\",\"clearable\":true,\"sort\":false},{\"fieldName\":\"Award_level\",\"fieldDesc\":\"获奖等级\",\"fieldType\":\"string\",\"fieldJson\":\"award_level\",\"dataTypeLong\":\"\",\"comment\":\"\",\"columnName\":\"award_level\",\"fieldSearchType\":\"\",\"dictType\":\"\",\"require\":true,\"errorText\":\"\",\"clearable\":true,\"sort\":false},{\"fieldName\":\"Competition_type\",\"fieldDesc\":\"比赛类型\",\"fieldType\":\"string\",\"fieldJson\":\"competition_type\",\"dataTypeLong\":\"\",\"comment\":\"\",\"columnName\":\"competition_type\",\"fieldSearchType\":\"\",\"dictType\":\"\",\"require\":false,\"errorText\":\"\",\"clearable\":true,\"sort\":false},{\"fieldName\":\"Description\",\"fieldDesc\":\"说明\",\"fieldType\":\"string\",\"fieldJson\":\"description\",\"dataTypeLong\":\"\",\"comment\":\"\",\"columnName\":\"description\",\"fieldSearchType\":\"\",\"dictType\":\"\",\"require\":false,\"errorText\":\"\",\"clearable\":true,\"sort\":false}],\"HasTimer\":true,\"package\":\"ApplySystem\"}','D:\\goland\\schoolWebsite\\schoolWebsite\\server\\api\\v1\\ApplySystem\\competition_prize.go;D:\\goland\\schoolWebsite\\schoolWebsite\\server\\model\\ApplySystem\\competition_prize.go;D:\\goland\\schoolWebsite\\schoolWebsite\\server\\model\\ApplySystem\\request\\competition_prize.go;D:\\goland\\schoolWebsite\\schoolWebsite\\server\\router\\ApplySystem\\competition_prize.go;D:\\goland\\schoolWebsite\\schoolWebsite\\server\\service\\ApplySystem\\competition_prize.go;D:\\goland\\schoolWebsite\\schoolWebsite\\web\\src\\api\\competitionPrize.js;D:\\goland\\schoolWebsite\\schoolWebsite\\web\\src\\view\\competitionPrize\\competitionPrizeForm.vue;D:\\goland\\schoolWebsite\\schoolWebsite\\web\\src\\view\\competitionPrize\\competitionPrize.vue;','D:\\goland\\schoolWebsite\\schoolWebsite\\server\\api\\v1\\ApplySystem\\enter.go@ApiGroup@CompetitionPrizeApi;D:\\goland\\schoolWebsite\\schoolWebsite\\server\\router\\ApplySystem\\enter.go@RouterGroup@CompetitionPrizeRouter;D:\\goland\\schoolWebsite\\schoolWebsite\\server\\service\\ApplySystem\\enter.go@ServiceGroup@CompetitionPrizeService;','CompetitionPrize','比赛获奖申报','94;95;96;97;98;99;',0);

/*Data for the table `sys_auto_codes` */

insert  into `sys_auto_codes`(`id`,`created_at`,`updated_at`,`deleted_at`,`package_name`,`label`,`desc`) values 
(1,'2023-11-10 16:48:03.631','2023-11-10 16:48:03.631',NULL,'ApplySystem','申报系统','');

/*Data for the table `sys_base_menu_btns` */

/*Data for the table `sys_base_menu_parameters` */

/*Data for the table `sys_base_menus` */

insert  into `sys_base_menus`(`id`,`created_at`,`updated_at`,`deleted_at`,`menu_level`,`parent_id`,`path`,`name`,`hidden`,`component`,`sort`,`active_name`,`keep_alive`,`default_menu`,`title`,`icon`,`close_tab`) values 
(1,'2023-11-10 16:24:54.203','2023-11-10 16:24:54.203',NULL,0,'0','dashboard','dashboard',0,'view/dashboard/index.vue',1,'',0,0,'仪表盘','odometer',0),
(2,'2023-11-10 16:24:54.203','2023-11-10 16:24:54.203',NULL,0,'0','about','about',0,'view/about/index.vue',9,'',0,0,'关于我们','info-filled',0),
(3,'2023-11-10 16:24:54.203','2023-11-10 16:24:54.203',NULL,0,'0','admin','superAdmin',0,'view/superAdmin/index.vue',3,'',0,0,'超级管理员','user',0),
(4,'2023-11-10 16:24:54.203','2023-11-10 16:24:54.203',NULL,0,'3','authority','authority',0,'view/superAdmin/authority/authority.vue',1,'',0,0,'角色管理','avatar',0),
(5,'2023-11-10 16:24:54.203','2023-11-10 16:24:54.203',NULL,0,'3','menu','menu',0,'view/superAdmin/menu/menu.vue',2,'',1,0,'菜单管理','tickets',0),
(6,'2023-11-10 16:24:54.203','2023-11-10 16:24:54.203',NULL,0,'3','api','api',0,'view/superAdmin/api/api.vue',3,'',1,0,'api管理','platform',0),
(7,'2023-11-10 16:24:54.203','2023-11-10 16:24:54.203',NULL,0,'3','user','user',0,'view/superAdmin/user/user.vue',4,'',0,0,'用户管理','coordinate',0),
(8,'2023-11-10 16:24:54.203','2023-11-10 16:24:54.203',NULL,0,'3','dictionary','dictionary',0,'view/superAdmin/dictionary/sysDictionary.vue',5,'',0,0,'字典管理','notebook',0),
(9,'2023-11-10 16:24:54.203','2023-11-10 16:24:54.203',NULL,0,'3','operation','operation',0,'view/superAdmin/operation/sysOperationRecord.vue',6,'',0,0,'操作历史','pie-chart',0),
(10,'2023-11-10 16:24:54.203','2023-11-10 16:24:54.203',NULL,0,'0','person','person',1,'view/person/person.vue',4,'',0,0,'个人信息','message',0),
(11,'2023-11-10 16:24:54.203','2023-11-10 16:24:54.203',NULL,0,'0','example','example',0,'view/example/index.vue',7,'',0,0,'示例文件','management',0),
(12,'2023-11-10 16:24:54.203','2023-11-10 16:24:54.203',NULL,0,'11','upload','upload',0,'view/example/upload/upload.vue',5,'',0,0,'媒体库（上传下载）','upload',0),
(13,'2023-11-10 16:24:54.203','2023-11-10 16:24:54.203',NULL,0,'11','breakpoint','breakpoint',0,'view/example/breakpoint/breakpoint.vue',6,'',0,0,'断点续传','upload-filled',0),
(14,'2023-11-10 16:24:54.203','2023-11-10 16:24:54.203',NULL,0,'11','customer','customer',0,'view/example/customer/customer.vue',7,'',0,0,'客户列表（资源示例）','avatar',0),
(15,'2023-11-10 16:24:54.203','2023-11-10 16:24:54.203',NULL,0,'0','systemTools','systemTools',0,'view/systemTools/index.vue',5,'',0,0,'系统工具','tools',0),
(16,'2023-11-10 16:24:54.203','2023-11-10 16:24:54.203',NULL,0,'15','autoCode','autoCode',0,'view/systemTools/autoCode/index.vue',1,'',1,0,'代码生成器','cpu',0),
(17,'2023-11-10 16:24:54.203','2023-11-10 16:24:54.203',NULL,0,'15','formCreate','formCreate',0,'view/systemTools/formCreate/index.vue',2,'',1,0,'表单生成器','magic-stick',0),
(18,'2023-11-10 16:24:54.203','2023-11-10 16:24:54.203',NULL,0,'15','system','system',0,'view/systemTools/system/system.vue',3,'',0,0,'系统配置','operation',0),
(19,'2023-11-10 16:24:54.203','2023-11-10 16:24:54.203',NULL,0,'15','autoCodeAdmin','autoCodeAdmin',0,'view/systemTools/autoCodeAdmin/index.vue',1,'',0,0,'自动化代码管理','magic-stick',0),
(20,'2023-11-10 16:24:54.203','2023-11-10 16:24:54.203',NULL,0,'15','autoCodeEdit/:id','autoCodeEdit',1,'view/systemTools/autoCode/index.vue',0,'',0,0,'自动化代码-${id}','magic-stick',0),
(21,'2023-11-10 16:24:54.203','2023-11-10 16:24:54.203',NULL,0,'15','autoPkg','autoPkg',0,'view/systemTools/autoPkg/autoPkg.vue',0,'',0,0,'自动化package','folder',0),
(22,'2023-11-10 16:24:54.203','2023-11-10 16:24:54.203',NULL,0,'0','https://www.gin-vue-admin.com','https://www.gin-vue-admin.com',0,'/',0,'',0,0,'官方网站','home-filled',0),
(23,'2023-11-10 16:24:54.203','2023-11-10 16:24:54.203',NULL,0,'0','state','state',0,'view/system/state.vue',8,'',0,0,'服务器状态','cloudy',0),
(24,'2023-11-10 16:24:54.203','2023-11-10 16:24:54.203',NULL,0,'0','plugin','plugin',0,'view/routerHolder.vue',6,'',0,0,'插件系统','cherry',0),
(25,'2023-11-10 16:24:54.203','2023-11-10 16:24:54.203',NULL,0,'24','https://plugin.gin-vue-admin.com/','https://plugin.gin-vue-admin.com/',0,'https://plugin.gin-vue-admin.com/',0,'',0,0,'插件市场','shop',0),
(26,'2023-11-10 16:24:54.203','2023-11-10 16:24:54.203',NULL,0,'24','installPlugin','installPlugin',0,'view/systemTools/installPlugin/index.vue',1,'',0,0,'插件安装','box',0),
(27,'2023-11-10 16:24:54.203','2023-11-10 16:24:54.203',NULL,0,'24','autoPlug','autoPlug',0,'view/systemTools/autoPlug/autoPlug.vue',2,'',0,0,'插件模板','folder',0),
(28,'2023-11-10 16:24:54.203','2023-11-10 16:24:54.203',NULL,0,'24','pubPlug','pubPlug',0,'view/systemTools/pubPlug/pubPlug.vue',3,'',0,0,'打包插件','files',0),
(29,'2023-11-10 16:24:54.203','2023-11-10 16:24:54.203',NULL,0,'24','plugin-email','plugin-email',0,'plugin/email/view/index.vue',4,'',0,0,'邮件插件','message',0),
(30,'2023-11-10 16:24:54.203','2023-11-10 16:24:54.203',NULL,0,'15','chatTable','chatTable',0,'view/chatgpt/chatTable.vue',6,'',0,0,'万用表格','chat-dot-square',0),
(31,'2023-11-11 13:11:26.292','2023-11-11 13:31:23.007',NULL,0,'0','applySystem','applySystem',0,'view/applySystem/routerHolder.vue',0,'',0,0,'成绩申报系统','checked',0),
(32,'2023-11-11 13:13:36.769','2023-11-11 13:24:08.693','2023-11-11 13:24:32.045',0,'31','competitionPrize','competitionPrize',0,'view/competitionPrize/competitionPrize.vue',0,'',0,0,'学科竞赛获奖申报','avatar',0),
(33,'2023-11-11 13:25:18.658','2023-11-11 13:31:35.912',NULL,0,'31','competitionPrize','competitionPrize',0,'view/applySystem/competitionPrize/competitionPrize.vue',0,'',0,0,'学科竞赛获奖申报','aim',0);

/*Data for the table `sys_chat_gpt_options` */

/*Data for the table `sys_data_authority_id` */

insert  into `sys_data_authority_id`(`sys_authority_authority_id`,`data_authority_id_authority_id`) values 
(888,888),
(888,8881),
(888,9528),
(9528,8881),
(9528,9528);

/*Data for the table `sys_dictionaries` */

insert  into `sys_dictionaries`(`id`,`created_at`,`updated_at`,`deleted_at`,`name`,`type`,`status`,`desc`) values 
(1,'2023-11-10 16:24:54.192','2023-11-10 16:24:54.194',NULL,'性别','gender',1,'性别字典'),
(2,'2023-11-10 16:24:54.192','2023-11-10 16:24:54.195',NULL,'数据库int类型','int',1,'int类型对应的数据库类型'),
(3,'2023-11-10 16:24:54.192','2023-11-10 16:24:54.197',NULL,'数据库时间日期类型','time.Time',1,'数据库时间日期类型'),
(4,'2023-11-10 16:24:54.192','2023-11-10 16:24:54.198',NULL,'数据库浮点型','float64',1,'数据库浮点型'),
(5,'2023-11-10 16:24:54.192','2023-11-10 16:24:54.200',NULL,'数据库字符串','string',1,'数据库字符串'),
(6,'2023-11-10 16:24:54.192','2023-11-10 16:24:54.201',NULL,'数据库bool类型','bool',1,'数据库bool类型');

/*Data for the table `sys_dictionary_details` */

insert  into `sys_dictionary_details`(`id`,`created_at`,`updated_at`,`deleted_at`,`label`,`value`,`extend`,`status`,`sort`,`sys_dictionary_id`) values 
(1,'2023-11-10 16:24:54.194','2023-11-10 16:24:54.194',NULL,'男',1,'',1,1,1),
(2,'2023-11-10 16:24:54.194','2023-11-10 16:24:54.194',NULL,'女',2,'',1,2,1),
(3,'2023-11-10 16:24:54.196','2023-11-10 16:24:54.196',NULL,'smallint',1,'',1,1,2),
(4,'2023-11-10 16:24:54.196','2023-11-10 16:24:54.196',NULL,'mediumint',2,'',1,2,2),
(5,'2023-11-10 16:24:54.196','2023-11-10 16:24:54.196',NULL,'int',3,'',1,3,2),
(6,'2023-11-10 16:24:54.196','2023-11-10 16:24:54.196',NULL,'bigint',4,'',1,4,2),
(7,'2023-11-10 16:24:54.197','2023-11-10 16:24:54.197',NULL,'date',0,'',1,0,3),
(8,'2023-11-10 16:24:54.197','2023-11-10 16:24:54.197',NULL,'time',1,'',1,1,3),
(9,'2023-11-10 16:24:54.197','2023-11-10 16:24:54.197',NULL,'year',2,'',1,2,3),
(10,'2023-11-10 16:24:54.197','2023-11-10 16:24:54.197',NULL,'datetime',3,'',1,3,3),
(11,'2023-11-10 16:24:54.197','2023-11-10 16:24:54.197',NULL,'timestamp',5,'',1,5,3),
(12,'2023-11-10 16:24:54.199','2023-11-10 16:24:54.199',NULL,'float',0,'',1,0,4),
(13,'2023-11-10 16:24:54.199','2023-11-10 16:24:54.199',NULL,'double',1,'',1,1,4),
(14,'2023-11-10 16:24:54.199','2023-11-10 16:24:54.199',NULL,'decimal',2,'',1,2,4),
(15,'2023-11-10 16:24:54.200','2023-11-10 16:24:54.200',NULL,'char',0,'',1,0,5),
(16,'2023-11-10 16:24:54.200','2023-11-10 16:24:54.200',NULL,'varchar',1,'',1,1,5),
(17,'2023-11-10 16:24:54.200','2023-11-10 16:24:54.200',NULL,'tinyblob',2,'',1,2,5),
(18,'2023-11-10 16:24:54.200','2023-11-10 16:24:54.200',NULL,'tinytext',3,'',1,3,5),
(19,'2023-11-10 16:24:54.200','2023-11-10 16:24:54.200',NULL,'text',4,'',1,4,5),
(20,'2023-11-10 16:24:54.200','2023-11-10 16:24:54.200',NULL,'blob',5,'',1,5,5),
(21,'2023-11-10 16:24:54.200','2023-11-10 16:24:54.200',NULL,'mediumblob',6,'',1,6,5),
(22,'2023-11-10 16:24:54.200','2023-11-10 16:24:54.200',NULL,'mediumtext',7,'',1,7,5),
(23,'2023-11-10 16:24:54.200','2023-11-10 16:24:54.200',NULL,'longblob',8,'',1,8,5),
(24,'2023-11-10 16:24:54.200','2023-11-10 16:24:54.200',NULL,'longtext',9,'',1,9,5),
(25,'2023-11-10 16:24:54.202','2023-11-10 16:24:54.202',NULL,'tinyint',0,'',1,0,6);

/*Data for the table `sys_operation_records` */

insert  into `sys_operation_records`(`id`,`created_at`,`updated_at`,`deleted_at`,`ip`,`method`,`path`,`status`,`latency`,`agent`,`error_message`,`body`,`resp`,`user_id`) values 
(1,'2023-11-10 16:42:34.429','2023-11-10 16:42:34.429',NULL,'127.0.0.1','POST','/user/setUserAuthority',200,2827700,'Mozilla/5.0 (Windows NT 10.0; Win64; x64; rv:109.0) Gecko/20100101 Firefox/119.0','','{\"authorityId\":9528}','{\"code\":0,\"data\":{},\"msg\":\"修改成功\"}',1),
(2,'2023-11-10 16:43:04.117','2023-11-10 16:43:04.117',NULL,'127.0.0.1','POST','/user/setUserAuthority',200,1698900,'Mozilla/5.0 (Windows NT 10.0; Win64; x64; rv:109.0) Gecko/20100101 Firefox/119.0','','{\"authorityId\":888}','{\"code\":0,\"data\":{},\"msg\":\"修改成功\"}',1),
(3,'2023-11-10 16:44:45.451','2023-11-10 16:44:45.451',NULL,'127.0.0.1','POST','/user/setUserAuthority',200,2188500,'Mozilla/5.0 (Windows NT 10.0; Win64; x64; rv:109.0) Gecko/20100101 Firefox/119.0','','{\"authorityId\":9528}','{\"code\":0,\"data\":{},\"msg\":\"修改成功\"}',1),
(4,'2023-11-10 16:45:18.779','2023-11-10 16:45:18.779',NULL,'127.0.0.1','POST','/user/setUserAuthority',200,1722500,'Mozilla/5.0 (Windows NT 10.0; Win64; x64; rv:109.0) Gecko/20100101 Firefox/119.0','','{\"authorityId\":888}','{\"code\":0,\"data\":{},\"msg\":\"修改成功\"}',1),
(5,'2023-11-10 16:46:31.716','2023-11-10 16:46:31.716',NULL,'127.0.0.1','POST','/system/getSystemConfig',200,0,'Mozilla/5.0 (Windows NT 10.0; Win64; x64; rv:109.0) Gecko/20100101 Firefox/119.0','','','{\"code\":0,\"data\":{\"config\":{\"jwt\":{\"signing-key\":\"6111cf49-c10d-4051-b669-3bf519f23639\",\"expires-time\":\"7d\",\"buffer-time\":\"1d\",\"issuer\":\"qmPlus\"},\"zap\":{\"level\":\"info\",\"prefix\":\"[github.com/flipped-aurora/gin-vue-admin/server]\",\"format\":\"console\",\"director\":\"log\",\"encode-level\":\"LowercaseColorLevelEncoder\",\"stacktrace-key\":\"stacktrace\",\"max-age\":0,\"show-line\":true,\"log-in-console\":true},\"redis\":{\"addr\":\"127.0.0.1:6379\",\"password\":\"\",\"db\":0},\"mongo\":{\"coll\":\"\",\"options\":\"\",\"database\":\"\",\"username\":\"\",\"password\":\"\",\"min-pool-size\":0,\"max-pool-size\":100,\"socket-timeout-ms\":0,\"connect-timeout-ms\":0,\"is-zap\":false,\"hosts\":[{\"host\":\"\",\"port\":\"\"}]},\"email\":{\"to\":\"xxx@qq.com\",\"from\":\"xxx@163.com\",\"host\":\"smtp.163.com\",\"secret\":\"xxx\",\"nickname\":\"test\",\"port\":465,\"is-ssl\":true},\"system\":{\"env\":\"local\",\"db-type\":\"mysql\",\"oss-type\":\"local\",\"router-prefix\":\"\",\"addr\":8888,\"iplimit-count\":15000,\"iplimit-time\":3600,\"use-multipoint\":false,\"use-redis\":false,\"use-mongo\":false},\"captcha\":{\"key-long\":6,\"img-width\":240,\"img-height\":80,\"open-captcha\":0,\"open-captcha-timeout\":3600},\"autocode\":{\"server-model\":\"/model/%s\",\"server-router\":\"/router/%s\",\"server\":\"/server\",\"server-api\":\"/api/v1/%s\",\"server-plug\":\"/plugin/%s\",\"server-initialize\":\"/initialize\",\"root\":\"D:\\\\goland\\\\schoolWebsite\\\\schoolWebsite\",\"web-table\":\"/view\",\"web\":\"/web/src\",\"server-service\":\"/service/%s\",\"server-request\":\"/model/%s/request/\",\"web-api\":\"/api\",\"web-form\":\"/view\",\"transfer-restart\":true},\"mysql\":{\"prefix\":\"\",\"port\":\"3306\",\"config\":\"charset=utf8mb4\\u0026parseTime=True\\u0026loc=Local\",\"db-name\":\"gvaSchool\",\"username\":\"root\",\"password\":\"123456\",\"path\":\"127.0.0.1\",\"engine\":\"\",\"log-mode\":\"error\",\"max-idle-conns\":10,\"max-open-conns\":100,\"singular\":false,\"log-zap\":false},\"mssql\":{\"prefix\":\"\",\"port\":\"\",\"config\":\"\",\"db-name\":\"\",\"username\":\"\",\"password\":\"\",\"path\":\"\",\"engine\":\"\",\"log-mode\":\"\",\"max-idle-conns\":10,\"max-open-conns\":100,\"singular\":false,\"log-zap\":false},\"pgsql\":{\"prefix\":\"\",\"port\":\"\",\"config\":\"\",\"db-name\":\"\",\"username\":\"\",\"password\":\"\",\"path\":\"\",\"engine\":\"\",\"log-mode\":\"\",\"max-idle-conns\":10,\"max-open-conns\":100,\"singular\":false,\"log-zap\":false},\"oracle\":{\"prefix\":\"\",\"port\":\"\",\"config\":\"\",\"db-name\":\"\",\"username\":\"\",\"password\":\"\",\"path\":\"\",\"engine\":\"\",\"log-mode\":\"\",\"max-idle-conns\":10,\"max-open-conns\":100,\"singular\":false,\"log-zap\":false},\"sqlite\":{\"prefix\":\"\",\"port\":\"\",\"config\":\"\",\"db-name\":\"\",\"username\":\"\",\"password\":\"\",\"path\":\"\",\"engine\":\"\",\"log-mode\":\"\",\"max-idle-conns\":10,\"max-open-conns\":100,\"singular\":false,\"log-zap\":false},\"db-list\":[{\"type\":\"\",\"alias-name\":\"\",\"prefix\":\"\",\"port\":\"\",\"config\":\"\",\"db-name\":\"\",\"username\":\"\",\"password\":\"\",\"path\":\"\",\"engine\":\"\",\"log-mode\":\"\",\"max-idle-conns\":10,\"max-open-conns\":100,\"singular\":false,\"log-zap\":false,\"disable\":true}],\"local\":{\"path\":\"uploads/file\",\"store-path\":\"uploads/file\"},\"qiniu\":{\"zone\":\"ZoneHuaDong\",\"bucket\":\"\",\"img-path\":\"\",\"access-key\":\"\",\"secret-key\":\"\",\"use-https\":false,\"use-cdn-domains\":false},\"aliyun-oss\":{\"endpoint\":\"yourEndpoint\",\"access-key-id\":\"yourAccessKeyId\",\"access-key-secret\":\"yourAccessKeySecret\",\"bucket-name\":\"yourBucketName\",\"bucket-url\":\"yourBucketUrl\",\"base-path\":\"yourBasePath\"},\"hua-wei-obs\":{\"path\":\"you-path\",\"bucket\":\"you-bucket\",\"endpoint\":\"you-endpoint\",\"access-key\":\"you-access-key\",\"secret-key\":\"you-secret-key\"},\"tencent-cos\":{\"bucket\":\"xxxxx-10005608\",\"region\":\"ap-shanghai\",\"secret-id\":\"your-secret-id\",\"secret-key\":\"your-secret-key\",\"base-url\":\"https://gin.vue.admin\",\"path-prefix\":\"github.com/flipped-aurora/gin-vue-admin/server\"},\"aws-s3\":{\"bucket\":\"xxxxx-10005608\",\"region\":\"ap-shanghai\",\"endpoint\":\"\",\"secret-id\":\"your-secret-id\",\"secret-key\":\"your-secret-key\",\"base-url\":\"https://gin.vue.admin\",\"path-prefix\":\"github.com/flipped-aurora/gin-vue-admin/server\",\"s3-force-path-style\":false,\"disable-ssl\":false},\"excel\":{\"dir\":\"./resource/excel/\"},\"timer\":{\"spec\":\"@daily\",\"detail\":[{\"tableName\":\"sys_operation_records\",\"compareField\":\"created_at\",\"interval\":\"2160h\"},{\"tableName\":\"jwt_blacklists\",\"compareField\":\"created_at\",\"interval\":\"168h\"}],\"start\":true,\"with_seconds\":false},\"cors\":{\"mode\":\"strict-whitelist\",\"whitelist\":[{\"allow-origin\":\"example1.com\",\"allow-methods\":\"POST, GET\",\"allow-headers\":\"Content-Type,AccessToken,X-CSRF-Token, Authorization, Token,X-Token,X-User-Id\",\"expose-headers\":\"Content-Length, Access-Control-Allow-Origin, Access-Control-Allow-Headers, Content-Type\",\"allow-credentials\":true},{\"allow-origin\":\"example2.com\",\"allow-methods\":\"GET, POST\",\"allow-headers\":\"content-type\",\"expose-headers\":\"Content-Length, Access-Control-Allow-Origin, Access-Control-Allow-Headers, Content-Type\",\"allow-credentials\":true}]}}},\"msg\":\"获取成功\"}',1),
(6,'2023-11-11 13:11:26.294','2023-11-11 13:11:26.294',NULL,'127.0.0.1','POST','/menu/addBaseMenu',200,3081500,'Mozilla/5.0 (Windows NT 10.0; Win64; x64; rv:109.0) Gecko/20100101 Firefox/119.0','','{\"ID\":0,\"path\":\"ApplySystem\",\"name\":\"ApplySystem\",\"hidden\":false,\"parentId\":\"0\",\"component\":\"view/routerHolder.vue\",\"meta\":{\"activeName\":\"\",\"title\":\"成绩申报系统\",\"icon\":\"checked\",\"defaultMenu\":false,\"closeTab\":false,\"keepAlive\":false},\"parameters\":[],\"menuBtn\":[]}','{\"code\":0,\"data\":{},\"msg\":\"添加成功\"}',1),
(7,'2023-11-11 13:11:32.989','2023-11-11 13:11:32.989',NULL,'127.0.0.1','POST','/menu/addMenuAuthority',200,7096200,'Mozilla/5.0 (Windows NT 10.0; Win64; x64; rv:109.0) Gecko/20100101 Firefox/119.0','','{\"menus\":[{\"ID\":22,\"CreatedAt\":\"2023-11-10T16:24:54.203+08:00\",\"UpdatedAt\":\"2023-11-10T16:24:54.203+08:00\",\"parentId\":\"0\",\"path\":\"https://www.gin-vue-admin.com\",\"name\":\"https://www.gin-vue-admin.com\",\"hidden\":false,\"component\":\"/\",\"sort\":0,\"meta\":{\"activeName\":\"\",\"keepAlive\":false,\"defaultMenu\":false,\"title\":\"官方网站\",\"icon\":\"home-filled\",\"closeTab\":false},\"authoritys\":null,\"children\":null,\"parameters\":[],\"menuBtn\":[]},{\"ID\":31,\"CreatedAt\":\"2023-11-11T13:11:26.292+08:00\",\"UpdatedAt\":\"2023-11-11T13:11:26.292+08:00\",\"parentId\":\"0\",\"path\":\"ApplySystem\",\"name\":\"ApplySystem\",\"hidden\":false,\"component\":\"view/routerHolder.vue\",\"sort\":0,\"meta\":{\"activeName\":\"\",\"keepAlive\":false,\"defaultMenu\":false,\"title\":\"成绩申报系统\",\"icon\":\"checked\",\"closeTab\":false},\"authoritys\":null,\"children\":null,\"parameters\":[],\"menuBtn\":[]},{\"ID\":1,\"CreatedAt\":\"2023-11-10T16:24:54.203+08:00\",\"UpdatedAt\":\"2023-11-10T16:24:54.203+08:00\",\"parentId\":\"0\",\"path\":\"dashboard\",\"name\":\"dashboard\",\"hidden\":false,\"component\":\"view/dashboard/index.vue\",\"sort\":1,\"meta\":{\"activeName\":\"\",\"keepAlive\":false,\"defaultMenu\":false,\"title\":\"仪表盘\",\"icon\":\"odometer\",\"closeTab\":false},\"authoritys\":null,\"children\":null,\"parameters\":[],\"menuBtn\":[]},{\"ID\":3,\"CreatedAt\":\"2023-11-10T16:24:54.203+08:00\",\"UpdatedAt\":\"2023-11-10T16:24:54.203+08:00\",\"parentId\":\"0\",\"path\":\"admin\",\"name\":\"superAdmin\",\"hidden\":false,\"component\":\"view/superAdmin/index.vue\",\"sort\":3,\"meta\":{\"activeName\":\"\",\"keepAlive\":false,\"defaultMenu\":false,\"title\":\"超级管理员\",\"icon\":\"user\",\"closeTab\":false},\"authoritys\":null,\"children\":[{\"ID\":4,\"CreatedAt\":\"2023-11-10T16:24:54.203+08:00\",\"UpdatedAt\":\"2023-11-10T16:24:54.203+08:00\",\"parentId\":\"3\",\"path\":\"authority\",\"name\":\"authority\",\"hidden\":false,\"component\":\"view/superAdmin/authority/authority.vue\",\"sort\":1,\"meta\":{\"activeName\":\"\",\"keepAlive\":false,\"defaultMenu\":false,\"title\":\"角色管理\",\"icon\":\"avatar\",\"closeTab\":false},\"authoritys\":null,\"children\":null,\"parameters\":[],\"menuBtn\":[]},{\"ID\":5,\"CreatedAt\":\"2023-11-10T16:24:54.203+08:00\",\"UpdatedAt\":\"2023-11-10T16:24:54.203+08:00\",\"parentId\":\"3\",\"path\":\"menu\",\"name\":\"menu\",\"hidden\":false,\"component\":\"view/superAdmin/menu/menu.vue\",\"sort\":2,\"meta\":{\"activeName\":\"\",\"keepAlive\":true,\"defaultMenu\":false,\"title\":\"菜单管理\",\"icon\":\"tickets\",\"closeTab\":false},\"authoritys\":null,\"children\":null,\"parameters\":[],\"menuBtn\":[]},{\"ID\":6,\"CreatedAt\":\"2023-11-10T16:24:54.203+08:00\",\"UpdatedAt\":\"2023-11-10T16:24:54.203+08:00\",\"parentId\":\"3\",\"path\":\"api\",\"name\":\"api\",\"hidden\":false,\"component\":\"view/superAdmin/api/api.vue\",\"sort\":3,\"meta\":{\"activeName\":\"\",\"keepAlive\":true,\"defaultMenu\":false,\"title\":\"api管理\",\"icon\":\"platform\",\"closeTab\":false},\"authoritys\":null,\"children\":null,\"parameters\":[],\"menuBtn\":[]},{\"ID\":7,\"CreatedAt\":\"2023-11-10T16:24:54.203+08:00\",\"UpdatedAt\":\"2023-11-10T16:24:54.203+08:00\",\"parentId\":\"3\",\"path\":\"user\",\"name\":\"user\",\"hidden\":false,\"component\":\"view/superAdmin/user/user.vue\",\"sort\":4,\"meta\":{\"activeName\":\"\",\"keepAlive\":false,\"defaultMenu\":false,\"title\":\"用户管理\",\"icon\":\"coordinate\",\"closeTab\":false},\"authoritys\":null,\"children\":null,\"parameters\":[],\"menuBtn\":[]},{\"ID\":8,\"CreatedAt\":\"2023-11-10T16:24:54.203+08:00\",\"UpdatedAt\":\"2023-11-10T16:24:54.203+08:00\",\"parentId\":\"3\",\"path\":\"dictionary\",\"name\":\"dictionary\",\"hidden\":false,\"component\":\"view/superAdmin/dictionary/sysDictionary.vue\",\"sort\":5,\"meta\":{\"activeName\":\"\",\"keepAlive\":false,\"defaultMenu\":false,\"title\":\"字典管理\",\"icon\":\"notebook\",\"closeTab\":false},\"authoritys\":null,\"children\":null,\"parameters\":[],\"menuBtn\":[]},{\"ID\":9,\"CreatedAt\":\"2023-11-10T16:24:54.203+08:00\",\"UpdatedAt\":\"2023-11-10T16:24:54.203+08:00\",\"parentId\":\"3\",\"path\":\"operation\",\"name\":\"operation\",\"hidden\":false,\"component\":\"view/superAdmin/operation/sysOperationRecord.vue\",\"sort\":6,\"meta\":{\"activeName\":\"\",\"keepAlive\":false,\"defaultMenu\":false,\"title\":\"操作历史\",\"icon\":\"pie-chart\",\"closeTab\":false},\"authoritys\":null,\"children\":null,\"parameters\":[],\"menuBtn\":[]}],\"parameters\":[],\"menuBtn\":[]},{\"ID\":4,\"CreatedAt\":\"2023-11-10T16:24:54.203+08:00\",\"UpdatedAt\":\"2023-11-10T16:24:54.203+08:00\",\"parentId\":\"3\",\"path\":\"authority\",\"name\":\"authority\",\"hidden\":false,\"component\":\"view/superAdmin/authority/authority.vue\",\"sort\":1,\"meta\":{\"activeName\":\"\",\"keepAlive\":false,\"defaultMenu\":false,\"title\":\"角色管理\",\"icon\":\"avatar\",\"closeTab\":false},\"authoritys\":null,\"children\":null,\"parameters\":[],\"menuBtn\":[]},{\"ID\":5,\"CreatedAt\":\"2023-11-10T16:24:54.203+08:00\",\"UpdatedAt\":\"2023-11-10T16:24:54.203+08:00\",\"parentId\":\"3\",\"path\":\"menu\",\"name\":\"menu\",\"hidden\":false,\"component\":\"view/superAdmin/menu/menu.vue\",\"sort\":2,\"meta\":{\"activeName\":\"\",\"keepAlive\":true,\"defaultMenu\":false,\"title\":\"菜单管理\",\"icon\":\"tickets\",\"closeTab\":false},\"authoritys\":null,\"children\":null,\"parameters\":[],\"menuBtn\":[]},{\"ID\":6,\"CreatedAt\":\"2023-11-10T16:24:54.203+08:00\",\"UpdatedAt\":\"2023-11-10T16:24:54.203+08:00\",\"parentId\":\"3\",\"path\":\"api\",\"name\":\"api\",\"hidden\":false,\"component\":\"view/superAdmin/api/api.vue\",\"sort\":3,\"meta\":{\"activeName\":\"\",\"keepAlive\":true,\"defaultMenu\":false,\"title\":\"api管理\",\"icon\":\"platform\",\"closeTab\":false},\"authoritys\":null,\"children\":null,\"parameters\":[],\"menuBtn\":[]},{\"ID\":7,\"CreatedAt\":\"2023-11-10T16:24:54.203+08:00\",\"UpdatedAt\":\"2023-11-10T16:24:54.203+08:00\",\"parentId\":\"3\",\"path\":\"user\",\"name\":\"user\",\"hidden\":false,\"component\":\"view/superAdmin/user/user.vue\",\"sort\":4,\"meta\":{\"activeName\":\"\",\"keepAlive\":false,\"defaultMenu\":false,\"title\":\"用户管理\",\"icon\":\"coordinate\",\"closeTab\":false},\"authoritys\":null,\"children\":null,\"parameters\":[],\"menuBtn\":[]},{\"ID\":8,\"CreatedAt\":\"2023-11-10T16:24:54.203+08:00\",\"UpdatedAt\":\"2023-11-10T16:24:54.203+08:00\",\"parentId\":\"3\",\"path\":\"dictionary\",\"name\":\"dictionary\",\"hidden\":false,\"component\":\"view/superAdmin/dictionary/sysDictionary.vue\",\"sort\":5,\"meta\":{\"activeName\":\"\",\"keepAlive\":false,\"defaultMenu\":false,\"title\":\"字典管理\",\"icon\":\"notebook\",\"closeTab\":false},\"authoritys\":null,\"children\":null,\"parameters\":[],\"menuBtn\":[]},{\"ID\":9,\"CreatedAt\":\"2023-11-10T16:24:54.203+08:00\",\"UpdatedAt\":\"2023-11-10T16:24:54.203+08:00\",\"parentId\":\"3\",\"path\":\"operation\",\"name\":\"operation\",\"hidden\":false,\"component\":\"view/superAdmin/operation/sysOperationRecord.vue\",\"sort\":6,\"meta\":{\"activeName\":\"\",\"keepAlive\":false,\"defaultMenu\":false,\"title\":\"操作历史\",\"icon\":\"pie-chart\",\"closeTab\":false},\"authoritys\":null,\"children\":null,\"parameters\":[],\"menuBtn\":[]},{\"ID\":10,\"CreatedAt\":\"2023-11-10T16:24:54.203+08:00\",\"UpdatedAt\":\"2023-11-10T16:24:54.203+08:00\",\"parentId\":\"0\",\"path\":\"person\",\"name\":\"person\",\"hidden\":true,\"component\":\"view/person/person.vue\",\"sort\":4,\"meta\":{\"activeName\":\"\",\"keepAlive\":false,\"defaultMenu\":false,\"title\":\"个人信息\",\"icon\":\"message\",\"closeTab\":false},\"authoritys\":null,\"children\":null,\"parameters\":[],\"menuBtn\":[]},{\"ID\":15,\"CreatedAt\":\"2023-11-10T16:24:54.203+08:00\",\"UpdatedAt\":\"2023-11-10T16:24:54.203+08:00\",\"parentId\":\"0\",\"path\":\"systemTools\",\"name\":\"systemTools\",\"hidden\":false,\"component\":\"view/systemTools/index.vue\",\"sort\":5,\"meta\":{\"activeName\":\"\",\"keepAlive\":false,\"defaultMenu\":false,\"title\":\"系统工具\",\"icon\":\"tools\",\"closeTab\":false},\"authoritys\":null,\"children\":[{\"ID\":20,\"CreatedAt\":\"2023-11-10T16:24:54.203+08:00\",\"UpdatedAt\":\"2023-11-10T16:24:54.203+08:00\",\"parentId\":\"15\",\"path\":\"autoCodeEdit/:id\",\"name\":\"autoCodeEdit\",\"hidden\":true,\"component\":\"view/systemTools/autoCode/index.vue\",\"sort\":0,\"meta\":{\"activeName\":\"\",\"keepAlive\":false,\"defaultMenu\":false,\"title\":\"自动化代码-${id}\",\"icon\":\"magic-stick\",\"closeTab\":false},\"authoritys\":null,\"children\":null,\"parameters\":[],\"menuBtn\":[]},{\"ID\":21,\"CreatedAt\":\"2023-11-10T16:24:54.203+08:00\",\"UpdatedAt\":\"2023-11-10T16:24:54.203+08:00\",\"parentId\":\"15\",\"path\":\"autoPkg\",\"name\":\"autoPkg\",\"hidden\":false,\"component\":\"view/systemTools/autoPkg/autoPkg.vue\",\"sort\":0,\"meta\":{\"activeName\":\"\",\"keepAlive\":false,\"defaultMenu\":false,\"title\":\"自动化package\",\"icon\":\"folder\",\"closeTab\":false},\"authoritys\":null,\"children\":null,\"parameters\":[],\"menuBtn\":[]},{\"ID\":16,\"CreatedAt\":\"2023-11-10T16:24:54.203+08:00\",\"UpdatedAt\":\"2023-11-10T16:24:54.203+08:00\",\"parentId\":\"15\",\"path\":\"autoCode\",\"name\":\"autoCode\",\"hidden\":false,\"component\":\"view/systemTools/autoCode/index.vue\",\"sort\":1,\"meta\":{\"activeName\":\"\",\"keepAlive\":true,\"defaultMenu\":false,\"title\":\"代码生成器\",\"icon\":\"cpu\",\"closeTab\":false},\"authoritys\":null,\"children\":null,\"parameters\":[],\"menuBtn\":[]},{\"ID\":19,\"CreatedAt\":\"2023-11-10T16:24:54.203+08:00\",\"UpdatedAt\":\"2023-11-10T16:24:54.203+08:00\",\"parentId\":\"15\",\"path\":\"autoCodeAdmin\",\"name\":\"autoCodeAdmin\",\"hidden\":false,\"component\":\"view/systemTools/autoCodeAdmin/index.vue\",\"sort\":1,\"meta\":{\"activeName\":\"\",\"keepAlive\":false,\"defaultMenu\":false,\"title\":\"自动化代码管理\",\"icon\":\"magic-stick\",\"closeTab\":false},\"authoritys\":null,\"children\":null,\"parameters\":[],\"menuBtn\":[]},{\"ID\":17,\"CreatedAt\":\"2023-11-10T16:24:54.203+08:00\",\"UpdatedAt\":\"2023-11-10T16:24:54.203+08:00\",\"parentId\":\"15\",\"path\":\"formCreate\",\"name\":\"formCreate\",\"hidden\":false,\"component\":\"view/systemTools/formCreate/index.vue\",\"sort\":2,\"meta\":{\"activeName\":\"\",\"keepAlive\":true,\"defaultMenu\":false,\"title\":\"表单生成器\",\"icon\":\"magic-stick\",\"closeTab\":false},\"authoritys\":null,\"children\":null,\"parameters\":[],\"menuBtn\":[]},{\"ID\":18,\"CreatedAt\":\"2023-11-10T16:24:54.203+08:00\",\"UpdatedAt\":\"2023-11-10T16:24:54.203+08:00\",\"parentId\":\"15\",\"path\":\"system\",\"name\":\"system\",\"hidden\":false,\"component\":\"view/systemTools/system/system.vue\",\"sort\":3,\"meta\":{\"activeName\":\"\",\"keepAlive\":false,\"defaultMenu\":false,\"title\":\"系统配置\",\"icon\":\"operation\",\"closeTab\":false},\"authoritys\":null,\"children\":null,\"parameters\":[],\"menuBtn\":[]},{\"ID\":30,\"CreatedAt\":\"2023-11-10T16:24:54.203+08:00\",\"UpdatedAt\":\"2023-11-10T16:24:54.203+08:00\",\"parentId\":\"15\",\"path\":\"chatTable\",\"name\":\"chatTable\",\"hidden\":false,\"component\":\"view/chatgpt/chatTable.vue\",\"sort\":6,\"meta\":{\"activeName\":\"\",\"keepAlive\":false,\"defaultMenu\":false,\"title\":\"万用表格\",\"icon\":\"chat-dot-square\",\"closeTab\":false},\"authoritys\":null,\"children\":null,\"parameters\":[],\"menuBtn\":[]}],\"parameters\":[],\"menuBtn\":[]},{\"ID\":20,\"CreatedAt\":\"2023-11-10T16:24:54.203+08:00\",\"UpdatedAt\":\"2023-11-10T16:24:54.203+08:00\",\"parentId\":\"15\",\"path\":\"autoCodeEdit/:id\",\"name\":\"autoCodeEdit\",\"hidden\":true,\"component\":\"view/systemTools/autoCode/index.vue\",\"sort\":0,\"meta\":{\"activeName\":\"\",\"keepAlive\":false,\"defaultMenu\":false,\"title\":\"自动化代码-${id}\",\"icon\":\"magic-stick\",\"closeTab\":false},\"authoritys\":null,\"children\":null,\"parameters\":[],\"menuBtn\":[]},{\"ID\":21,\"CreatedAt\":\"2023-11-10T16:24:54.203+08:00\",\"UpdatedAt\":\"2023-11-10T16:24:54.203+08:00\",\"parentId\":\"15\",\"path\":\"autoPkg\",\"name\":\"autoPkg\",\"hidden\":false,\"component\":\"view/systemTools/autoPkg/autoPkg.vue\",\"sort\":0,\"meta\":{\"activeName\":\"\",\"keepAlive\":false,\"defaultMenu\":false,\"title\":\"自动化package\",\"icon\":\"folder\",\"closeTab\":false},\"authoritys\":null,\"children\":null,\"parameters\":[],\"menuBtn\":[]},{\"ID\":16,\"CreatedAt\":\"2023-11-10T16:24:54.203+08:00\",\"UpdatedAt\":\"2023-11-10T16:24:54.203+08:00\",\"parentId\":\"15\",\"path\":\"autoCode\",\"name\":\"autoCode\",\"hidden\":false,\"component\":\"view/systemTools/autoCode/index.vue\",\"sort\":1,\"meta\":{\"activeName\":\"\",\"keepAlive\":true,\"defaultMenu\":false,\"title\":\"代码生成器\",\"icon\":\"cpu\",\"closeTab\":false},\"authoritys\":null,\"children\":null,\"parameters\":[],\"menuBtn\":[]},{\"ID\":19,\"CreatedAt\":\"2023-11-10T16:24:54.203+08:00\",\"UpdatedAt\":\"2023-11-10T16:24:54.203+08:00\",\"parentId\":\"15\",\"path\":\"autoCodeAdmin\",\"name\":\"autoCodeAdmin\",\"hidden\":false,\"component\":\"view/systemTools/autoCodeAdmin/index.vue\",\"sort\":1,\"meta\":{\"activeName\":\"\",\"keepAlive\":false,\"defaultMenu\":false,\"title\":\"自动化代码管理\",\"icon\":\"magic-stick\",\"closeTab\":false},\"authoritys\":null,\"children\":null,\"parameters\":[],\"menuBtn\":[]},{\"ID\":17,\"CreatedAt\":\"2023-11-10T16:24:54.203+08:00\",\"UpdatedAt\":\"2023-11-10T16:24:54.203+08:00\",\"parentId\":\"15\",\"path\":\"formCreate\",\"name\":\"formCreate\",\"hidden\":false,\"component\":\"view/systemTools/formCreate/index.vue\",\"sort\":2,\"meta\":{\"activeName\":\"\",\"keepAlive\":true,\"defaultMenu\":false,\"title\":\"表单生成器\",\"icon\":\"magic-stick\",\"closeTab\":false},\"authoritys\":null,\"children\":null,\"parameters\":[],\"menuBtn\":[]},{\"ID\":18,\"CreatedAt\":\"2023-11-10T16:24:54.203+08:00\",\"UpdatedAt\":\"2023-11-10T16:24:54.203+08:00\",\"parentId\":\"15\",\"path\":\"system\",\"name\":\"system\",\"hidden\":false,\"component\":\"view/systemTools/system/system.vue\",\"sort\":3,\"meta\":{\"activeName\":\"\",\"keepAlive\":false,\"defaultMenu\":false,\"title\":\"系统配置\",\"icon\":\"operation\",\"closeTab\":false},\"authoritys\":null,\"children\":null,\"parameters\":[],\"menuBtn\":[]},{\"ID\":30,\"CreatedAt\":\"2023-11-10T16:24:54.203+08:00\",\"UpdatedAt\":\"2023-11-10T16:24:54.203+08:00\",\"parentId\":\"15\",\"path\":\"chatTable\",\"name\":\"chatTable\",\"hidden\":false,\"component\":\"view/chatgpt/chatTable.vue\",\"sort\":6,\"meta\":{\"activeName\":\"\",\"keepAlive\":false,\"defaultMenu\":false,\"title\":\"万用表格\",\"icon\":\"chat-dot-square\",\"closeTab\":false},\"authoritys\":null,\"children\":null,\"parameters\":[],\"menuBtn\":[]},{\"ID\":24,\"CreatedAt\":\"2023-11-10T16:24:54.203+08:00\",\"UpdatedAt\":\"2023-11-10T16:24:54.203+08:00\",\"parentId\":\"0\",\"path\":\"plugin\",\"name\":\"plugin\",\"hidden\":false,\"component\":\"view/routerHolder.vue\",\"sort\":6,\"meta\":{\"activeName\":\"\",\"keepAlive\":false,\"defaultMenu\":false,\"title\":\"插件系统\",\"icon\":\"cherry\",\"closeTab\":false},\"authoritys\":null,\"children\":[{\"ID\":25,\"CreatedAt\":\"2023-11-10T16:24:54.203+08:00\",\"UpdatedAt\":\"2023-11-10T16:24:54.203+08:00\",\"parentId\":\"24\",\"path\":\"https://plugin.gin-vue-admin.com/\",\"name\":\"https://plugin.gin-vue-admin.com/\",\"hidden\":false,\"component\":\"https://plugin.gin-vue-admin.com/\",\"sort\":0,\"meta\":{\"activeName\":\"\",\"keepAlive\":false,\"defaultMenu\":false,\"title\":\"插件市场\",\"icon\":\"shop\",\"closeTab\":false},\"authoritys\":null,\"children\":null,\"parameters\":[],\"menuBtn\":[]},{\"ID\":26,\"CreatedAt\":\"2023-11-10T16:24:54.203+08:00\",\"UpdatedAt\":\"2023-11-10T16:24:54.203+08:00\",\"parentId\":\"24\",\"path\":\"installPlugin\",\"name\":\"installPlugin\",\"hidden\":false,\"component\":\"view/systemTools/installPlugin/index.vue\",\"sort\":1,\"meta\":{\"activeName\":\"\",\"keepAlive\":false,\"defaultMenu\":false,\"title\":\"插件安装\",\"icon\":\"box\",\"closeTab\":false},\"authoritys\":null,\"children\":null,\"parameters\":[],\"menuBtn\":[]},{\"ID\":27,\"CreatedAt\":\"2023-11-10T16:24:54.203+08:00\",\"UpdatedAt\":\"2023-11-10T16:24:54.203+08:00\",\"parentId\":\"24\",\"path\":\"autoPlug\",\"name\":\"autoPlug\",\"hidden\":false,\"component\":\"view/systemTools/autoPlug/autoPlug.vue\",\"sort\":2,\"meta\":{\"activeName\":\"\",\"keepAlive\":false,\"defaultMenu\":false,\"title\":\"插件模板\",\"icon\":\"folder\",\"closeTab\":false},\"authoritys\":null,\"children\":null,\"parameters\":[],\"menuBtn\":[]},{\"ID\":28,\"CreatedAt\":\"2023-11-10T16:24:54.203+08:00\",\"UpdatedAt\":\"2023-11-10T16:24:54.203+08:00\",\"parentId\":\"24\",\"path\":\"pubPlug\",\"name\":\"pubPlug\",\"hidden\":false,\"component\":\"view/systemTools/pubPlug/pubPlug.vue\",\"sort\":3,\"meta\":{\"activeName\":\"\",\"keepAlive\":false,\"defaultMenu\":false,\"title\":\"打包插件\",\"icon\":\"files\",\"closeTab\":false},\"authoritys\":null,\"children\":null,\"parameters\":[],\"menuBtn\":[]},{\"ID\":29,\"CreatedAt\":\"2023-11-10T16:24:54.203+08:00\",\"UpdatedAt\":\"2023-11-10T16:24:54.203+08:00\",\"parentId\":\"24\",\"path\":\"plugin-email\",\"name\":\"plugin-email\",\"hidden\":false,\"component\":\"plugin/email/view/index.vue\",\"sort\":4,\"meta\":{\"activeName\":\"\",\"keepAlive\":false,\"defaultMenu\":false,\"title\":\"邮件插件\",\"icon\":\"message\",\"closeTab\":false},\"authoritys\":null,\"children\":null,\"parameters\":[],\"menuBtn\":[]}],\"parameters\":[],\"menuBtn\":[]},{\"ID\":25,\"CreatedAt\":\"2023-11-10T16:24:54.203+08:00\",\"UpdatedAt\":\"2023-11-10T16:24:54.203+08:00\",\"parentId\":\"24\",\"path\":\"https://plugin.gin-vue-admin.com/\",\"name\":\"https://plugin.gin-vue-admin.com/\",\"hidden\":false,\"component\":\"https://plugin.gin-vue-admin.com/\",\"sort\":0,\"meta\":{\"activeName\":\"\",\"keepAlive\":false,\"defaultMenu\":false,\"title\":\"插件市场\",\"icon\":\"shop\",\"closeTab\":false},\"authoritys\":null,\"children\":null,\"parameters\":[],\"menuBtn\":[]},{\"ID\":26,\"CreatedAt\":\"2023-11-10T16:24:54.203+08:00\",\"UpdatedAt\":\"2023-11-10T16:24:54.203+08:00\",\"parentId\":\"24\",\"path\":\"installPlugin\",\"name\":\"installPlugin\",\"hidden\":false,\"component\":\"view/systemTools/installPlugin/index.vue\",\"sort\":1,\"meta\":{\"activeName\":\"\",\"keepAlive\":false,\"defaultMenu\":false,\"title\":\"插件安装\",\"icon\":\"box\",\"closeTab\":false},\"authoritys\":null,\"children\":null,\"parameters\":[],\"menuBtn\":[]},{\"ID\":27,\"CreatedAt\":\"2023-11-10T16:24:54.203+08:00\",\"UpdatedAt\":\"2023-11-10T16:24:54.203+08:00\",\"parentId\":\"24\",\"path\":\"autoPlug\",\"name\":\"autoPlug\",\"hidden\":false,\"component\":\"view/systemTools/autoPlug/autoPlug.vue\",\"sort\":2,\"meta\":{\"activeName\":\"\",\"keepAlive\":false,\"defaultMenu\":false,\"title\":\"插件模板\",\"icon\":\"folder\",\"closeTab\":false},\"authoritys\":null,\"children\":null,\"parameters\":[],\"menuBtn\":[]},{\"ID\":28,\"CreatedAt\":\"2023-11-10T16:24:54.203+08:00\",\"UpdatedAt\":\"2023-11-10T16:24:54.203+08:00\",\"parentId\":\"24\",\"path\":\"pubPlug\",\"name\":\"pubPlug\",\"hidden\":false,\"component\":\"view/systemTools/pubPlug/pubPlug.vue\",\"sort\":3,\"meta\":{\"activeName\":\"\",\"keepAlive\":false,\"defaultMenu\":false,\"title\":\"打包插件\",\"icon\":\"files\",\"closeTab\":false},\"authoritys\":null,\"children\":null,\"parameters\":[],\"menuBtn\":[]},{\"ID\":29,\"CreatedAt\":\"2023-11-10T16:24:54.203+08:00\",\"UpdatedAt\":\"2023-11-10T16:24:54.203+08:00\",\"parentId\":\"24\",\"path\":\"plugin-email\",\"name\":\"plugin-email\",\"hidden\":false,\"component\":\"plugin/email/view/index.vue\",\"sort\":4,\"meta\":{\"activeName\":\"\",\"keepAlive\":false,\"defaultMenu\":false,\"title\":\"邮件插件\",\"icon\":\"message\",\"closeTab\":false},\"authoritys\":null,\"children\":null,\"parameters\":[],\"menuBtn\":[]},{\"ID\":11,\"CreatedAt\":\"2023-11-10T16:24:54.203+08:00\",\"UpdatedAt\":\"2023-11-10T16:24:54.203+08:00\",\"parentId\":\"0\",\"path\":\"example\",\"name\":\"example\",\"hidden\":false,\"component\":\"view/example/index.vue\",\"sort\":7,\"meta\":{\"activeName\":\"\",\"keepAlive\":false,\"defaultMenu\":false,\"title\":\"示例文件\",\"icon\":\"management\",\"closeTab\":false},\"authoritys\":null,\"children\":[{\"ID\":12,\"CreatedAt\":\"2023-11-10T16:24:54.203+08:00\",\"UpdatedAt\":\"2023-11-10T16:24:54.203+08:00\",\"parentId\":\"11\",\"path\":\"upload\",\"name\":\"upload\",\"hidden\":false,\"component\":\"view/example/upload/upload.vue\",\"sort\":5,\"meta\":{\"activeName\":\"\",\"keepAlive\":false,\"defaultMenu\":false,\"title\":\"媒体库（上传下载）\",\"icon\":\"upload\",\"closeTab\":false},\"authoritys\":null,\"children\":null,\"parameters\":[],\"menuBtn\":[]},{\"ID\":13,\"CreatedAt\":\"2023-11-10T16:24:54.203+08:00\",\"UpdatedAt\":\"2023-11-10T16:24:54.203+08:00\",\"parentId\":\"11\",\"path\":\"breakpoint\",\"name\":\"breakpoint\",\"hidden\":false,\"component\":\"view/example/breakpoint/breakpoint.vue\",\"sort\":6,\"meta\":{\"activeName\":\"\",\"keepAlive\":false,\"defaultMenu\":false,\"title\":\"断点续传\",\"icon\":\"upload-filled\",\"closeTab\":false},\"authoritys\":null,\"children\":null,\"parameters\":[],\"menuBtn\":[]},{\"ID\":14,\"CreatedAt\":\"2023-11-10T16:24:54.203+08:00\",\"UpdatedAt\":\"2023-11-10T16:24:54.203+08:00\",\"parentId\":\"11\",\"path\":\"customer\",\"name\":\"customer\",\"hidden\":false,\"component\":\"view/example/customer/customer.vue\",\"sort\":7,\"meta\":{\"activeName\":\"\",\"keepAlive\":false,\"defaultMenu\":false,\"title\":\"客户列表（资源示例）\",\"icon\":\"avatar\",\"closeTab\":false},\"authoritys\":null,\"children\":null,\"parameters\":[],\"menuBtn\":[]}],\"parameters\":[],\"menuBtn\":[]},{\"ID\":12,\"CreatedAt\":\"2023-11-10T16:24:54.203+08:00\",\"UpdatedAt\":\"2023-11-10T16:24:54.203+08:00\",\"parentId\":\"11\",\"path\":\"upload\",\"name\":\"upload\",\"hidden\":false,\"component\":\"view/example/upload/upload.vue\",\"sort\":5,\"meta\":{\"activeName\":\"\",\"keepAlive\":false,\"defaultMenu\":false,\"title\":\"媒体库（上传下载）\",\"icon\":\"upload\",\"closeTab\":false},\"authoritys\":null,\"children\":null,\"parameters\":[],\"menuBtn\":[]},{\"ID\":13,\"CreatedAt\":\"2023-11-10T16:24:54.203+08:00\",\"UpdatedAt\":\"2023-11-10T16:24:54.203+08:00\",\"parentId\":\"11\",\"path\":\"breakpoint\",\"name\":\"breakpoint\",\"hidden\":false,\"component\":\"view/example/breakpoint/breakpoint.vue\",\"sort\":6,\"meta\":{\"activeName\":\"\",\"keepAlive\":false,\"defaultMenu\":false,\"title\":\"断点续传\",\"icon\":\"upload-filled\",\"closeTab\":false},\"authoritys\":null,\"children\":null,\"parameters\":[],\"menuBtn\":[]},{\"ID\":14,\"CreatedAt\":\"2023-11-10T16:24:54.203+08:00\",\"UpdatedAt\":\"2023-11-10T16:24:54.203+08:00\",\"parentId\":\"11\",\"path\":\"customer\",\"name\":\"customer\",\"hidden\":false,\"component\":\"view/example/customer/customer.vue\",\"sort\":7,\"meta\":{\"activeName\":\"\",\"keepAlive\":false,\"defaultMenu\":false,\"title\":\"客户列表（资源示例）\",\"icon\":\"avatar\",\"closeTab\":false},\"authoritys\":null,\"children\":null,\"parameters\":[],\"menuBtn\":[]},{\"ID\":23,\"CreatedAt\":\"2023-11-10T16:24:54.203+08:00\",\"UpdatedAt\":\"2023-11-10T16:24:54.203+08:00\",\"parentId\":\"0\",\"path\":\"state\",\"name\":\"state\",\"hidden\":false,\"component\":\"view/system/state.vue\",\"sort\":8,\"meta\":{\"activeName\":\"\",\"keepAlive\":false,\"defaultMenu\":false,\"title\":\"服务器状态\",\"icon\":\"cloudy\",\"closeTab\":false},\"authoritys\":null,\"children\":null,\"parameters\":[],\"menuBtn\":[]},{\"ID\":2,\"CreatedAt\":\"2023-11-10T16:24:54.203+08:00\",\"UpdatedAt\":\"2023-11-10T16:24:54.203+08:00\",\"parentId\":\"0\",\"path\":\"about\",\"name\":\"about\",\"hidden\":false,\"component\":\"view/about/index.vue\",\"sort\":9,\"meta\":{\"activeName\":\"\",\"keepAlive\":false,\"defaultMenu\":false,\"title\":\"关于我们\",\"icon\":\"info-filled\",\"closeTab\":false},\"authoritys\":null,\"children\":null,\"parameters\":[],\"menuBtn\":[]}],\"authorityId\":888}','{\"code\":0,\"data\":{},\"msg\":\"添加成功\"}',1),
(8,'2023-11-11 13:13:36.772','2023-11-11 13:13:36.772',NULL,'127.0.0.1','POST','/menu/addBaseMenu',200,2879700,'Mozilla/5.0 (Windows NT 10.0; Win64; x64; rv:109.0) Gecko/20100101 Firefox/119.0','','{\"ID\":0,\"path\":\"competitionPrize\",\"name\":\"competitionPrize\",\"hidden\":false,\"parentId\":\"31\",\"component\":\"view/competitionPrize/competitionPrize.vue\",\"meta\":{\"activeName\":\"\",\"title\":\"学科竞赛获奖申报\",\"icon\":\"avatar\",\"defaultMenu\":false,\"closeTab\":false,\"keepAlive\":false},\"parameters\":[],\"menuBtn\":[]}','{\"code\":0,\"data\":{},\"msg\":\"添加成功\"}',1),
(9,'2023-11-11 13:13:47.933','2023-11-11 13:13:47.933',NULL,'127.0.0.1','POST','/casbin/updateCasbin',200,8622000,'Mozilla/5.0 (Windows NT 10.0; Win64; x64; rv:109.0) Gecko/20100101 Firefox/119.0','','{\"authorityId\":888,\"casbinInfos\":[{\"path\":\"/jwt/jsonInBlacklist\",\"method\":\"POST\"},{\"path\":\"/user/deleteUser\",\"method\":\"DELETE\"},{\"path\":\"/user/admin_register\",\"method\":\"POST\"},{\"path\":\"/user/getUserList\",\"method\":\"POST\"},{\"path\":\"/user/setUserInfo\",\"method\":\"PUT\"},{\"path\":\"/user/setSelfInfo\",\"method\":\"PUT\"},{\"path\":\"/user/getUserInfo\",\"method\":\"GET\"},{\"path\":\"/user/setUserAuthorities\",\"method\":\"POST\"},{\"path\":\"/user/changePassword\",\"method\":\"POST\"},{\"path\":\"/user/setUserAuthority\",\"method\":\"POST\"},{\"path\":\"/user/resetPassword\",\"method\":\"POST\"},{\"path\":\"/api/createApi\",\"method\":\"POST\"},{\"path\":\"/api/deleteApi\",\"method\":\"POST\"},{\"path\":\"/api/updateApi\",\"method\":\"POST\"},{\"path\":\"/api/getApiList\",\"method\":\"POST\"},{\"path\":\"/api/getAllApis\",\"method\":\"POST\"},{\"path\":\"/api/getApiById\",\"method\":\"POST\"},{\"path\":\"/api/deleteApisByIds\",\"method\":\"DELETE\"},{\"path\":\"/authority/copyAuthority\",\"method\":\"POST\"},{\"path\":\"/authority/createAuthority\",\"method\":\"POST\"},{\"path\":\"/authority/deleteAuthority\",\"method\":\"POST\"},{\"path\":\"/authority/updateAuthority\",\"method\":\"PUT\"},{\"path\":\"/authority/getAuthorityList\",\"method\":\"POST\"},{\"path\":\"/authority/setDataAuthority\",\"method\":\"POST\"},{\"path\":\"/casbin/updateCasbin\",\"method\":\"POST\"},{\"path\":\"/casbin/getPolicyPathByAuthorityId\",\"method\":\"POST\"},{\"path\":\"/menu/addBaseMenu\",\"method\":\"POST\"},{\"path\":\"/menu/getMenu\",\"method\":\"POST\"},{\"path\":\"/menu/deleteBaseMenu\",\"method\":\"POST\"},{\"path\":\"/menu/updateBaseMenu\",\"method\":\"POST\"},{\"path\":\"/menu/getBaseMenuById\",\"method\":\"POST\"},{\"path\":\"/menu/getMenuList\",\"method\":\"POST\"},{\"path\":\"/menu/getBaseMenuTree\",\"method\":\"POST\"},{\"path\":\"/menu/getMenuAuthority\",\"method\":\"POST\"},{\"path\":\"/menu/addMenuAuthority\",\"method\":\"POST\"},{\"path\":\"/fileUploadAndDownload/findFile\",\"method\":\"GET\"},{\"path\":\"/fileUploadAndDownload/breakpointContinue\",\"method\":\"POST\"},{\"path\":\"/fileUploadAndDownload/breakpointContinueFinish\",\"method\":\"POST\"},{\"path\":\"/fileUploadAndDownload/removeChunk\",\"method\":\"POST\"},{\"path\":\"/fileUploadAndDownload/upload\",\"method\":\"POST\"},{\"path\":\"/fileUploadAndDownload/deleteFile\",\"method\":\"POST\"},{\"path\":\"/fileUploadAndDownload/editFileName\",\"method\":\"POST\"},{\"path\":\"/fileUploadAndDownload/getFileList\",\"method\":\"POST\"},{\"path\":\"/system/getServerInfo\",\"method\":\"POST\"},{\"path\":\"/system/getSystemConfig\",\"method\":\"POST\"},{\"path\":\"/system/setSystemConfig\",\"method\":\"POST\"},{\"path\":\"/customer/customer\",\"method\":\"PUT\"},{\"path\":\"/customer/customer\",\"method\":\"POST\"},{\"path\":\"/customer/customer\",\"method\":\"DELETE\"},{\"path\":\"/customer/customer\",\"method\":\"GET\"},{\"path\":\"/customer/customerList\",\"method\":\"GET\"},{\"path\":\"/autoCode/getDB\",\"method\":\"GET\"},{\"path\":\"/autoCode/getTables\",\"method\":\"GET\"},{\"path\":\"/autoCode/createTemp\",\"method\":\"POST\"},{\"path\":\"/autoCode/preview\",\"method\":\"POST\"},{\"path\":\"/autoCode/getColumn\",\"method\":\"GET\"},{\"path\":\"/autoCode/createPlug\",\"method\":\"POST\"},{\"path\":\"/autoCode/installPlugin\",\"method\":\"POST\"},{\"path\":\"/autoCode/pubPlug\",\"method\":\"POST\"},{\"path\":\"/autoCode/createPackage\",\"method\":\"POST\"},{\"path\":\"/autoCode/getPackage\",\"method\":\"POST\"},{\"path\":\"/autoCode/delPackage\",\"method\":\"POST\"},{\"path\":\"/autoCode/getMeta\",\"method\":\"POST\"},{\"path\":\"/autoCode/rollback\",\"method\":\"POST\"},{\"path\":\"/autoCode/getSysHistory\",\"method\":\"POST\"},{\"path\":\"/autoCode/delSysHistory\",\"method\":\"POST\"},{\"path\":\"/sysDictionaryDetail/updateSysDictionaryDetail\",\"method\":\"PUT\"},{\"path\":\"/sysDictionaryDetail/createSysDictionaryDetail\",\"method\":\"POST\"},{\"path\":\"/sysDictionaryDetail/deleteSysDictionaryDetail\",\"method\":\"DELETE\"},{\"path\":\"/sysDictionaryDetail/findSysDictionaryDetail\",\"method\":\"GET\"},{\"path\":\"/sysDictionaryDetail/getSysDictionaryDetailList\",\"method\":\"GET\"},{\"path\":\"/sysDictionary/createSysDictionary\",\"method\":\"POST\"},{\"path\":\"/sysDictionary/deleteSysDictionary\",\"method\":\"DELETE\"},{\"path\":\"/sysDictionary/updateSysDictionary\",\"method\":\"PUT\"},{\"path\":\"/sysDictionary/findSysDictionary\",\"method\":\"GET\"},{\"path\":\"/sysDictionary/getSysDictionaryList\",\"method\":\"GET\"},{\"path\":\"/sysOperationRecord/createSysOperationRecord\",\"method\":\"POST\"},{\"path\":\"/sysOperationRecord/findSysOperationRecord\",\"method\":\"GET\"},{\"path\":\"/sysOperationRecord/getSysOperationRecordList\",\"method\":\"GET\"},{\"path\":\"/sysOperationRecord/deleteSysOperationRecord\",\"method\":\"DELETE\"},{\"path\":\"/sysOperationRecord/deleteSysOperationRecordByIds\",\"method\":\"DELETE\"},{\"path\":\"/simpleUploader/upload\",\"method\":\"POST\"},{\"path\":\"/simpleUploader/checkFileMd5\",\"method\":\"GET\"},{\"path\":\"/simpleUploader/mergeFileMd5\",\"method\":\"GET\"},{\"path\":\"/email/emailTest\",\"method\":\"POST\"},{\"path\":\"/authorityBtn/setAuthorityBtn\",\"method\":\"POST\"},{\"path\":\"/authorityBtn/getAuthorityBtn\",\"method\":\"POST\"},{\"path\":\"/authorityBtn/canRemoveAuthorityBtn\",\"method\":\"POST\"},{\"path\":\"/chatGpt/getTable\",\"method\":\"POST\"},{\"path\":\"/chatGpt/createSK\",\"method\":\"POST\"},{\"path\":\"/chatGpt/getSK\",\"method\":\"GET\"},{\"path\":\"/chatGpt/deleteSK\",\"method\":\"DELETE\"},{\"path\":\"/CP/createCompetitionPrize\",\"method\":\"POST\"},{\"path\":\"/CP/deleteCompetitionPrize\",\"method\":\"DELETE\"},{\"path\":\"/CP/deleteCompetitionPrizeByIds\",\"method\":\"DELETE\"},{\"path\":\"/CP/updateCompetitionPrize\",\"method\":\"PUT\"},{\"path\":\"/CP/findCompetitionPrize\",\"method\":\"GET\"},{\"path\":\"/CP/getCompetitionPrizeList\",\"method\":\"GET\"}]}','{\"code\":0,\"data\":{},\"msg\":\"更新成功\"}',1),
(10,'2023-11-11 13:23:43.391','2023-11-11 13:23:43.391',NULL,'127.0.0.1','POST','/menu/updateBaseMenu',200,3359300,'Mozilla/5.0 (Windows NT 10.0; Win64; x64; rv:109.0) Gecko/20100101 Firefox/119.0','','{\"ID\":31,\"CreatedAt\":\"2023-11-11T13:11:26.292+08:00\",\"UpdatedAt\":\"2023-11-11T13:11:26.292+08:00\",\"parentId\":\"0\",\"path\":\"ApplySystem\",\"name\":\"ApplySystem\",\"hidden\":false,\"component\":\"view/competitionPrize/routerHolder.vue\",\"sort\":0,\"meta\":{\"activeName\":\"\",\"keepAlive\":false,\"defaultMenu\":false,\"title\":\"成绩申报系统\",\"icon\":\"checked\",\"closeTab\":false},\"authoritys\":null,\"children\":null,\"parameters\":[],\"menuBtn\":[]}','{\"code\":0,\"data\":{},\"msg\":\"更新成功\"}',1),
(11,'2023-11-11 13:24:08.695','2023-11-11 13:24:08.695',NULL,'127.0.0.1','POST','/menu/updateBaseMenu',200,2597900,'Mozilla/5.0 (Windows NT 10.0; Win64; x64; rv:109.0) Gecko/20100101 Firefox/119.0','','{\"ID\":32,\"CreatedAt\":\"2023-11-11T13:13:36.769+08:00\",\"UpdatedAt\":\"2023-11-11T13:13:36.769+08:00\",\"parentId\":\"31\",\"path\":\"competitionPrize\",\"name\":\"competitionPrize\",\"hidden\":false,\"component\":\"view/competitionPrize/competitionPrize.vue\",\"sort\":0,\"meta\":{\"activeName\":\"\",\"keepAlive\":false,\"defaultMenu\":false,\"title\":\"学科竞赛获奖申报\",\"icon\":\"avatar\",\"closeTab\":false},\"authoritys\":null,\"children\":null,\"parameters\":[],\"menuBtn\":[]}','{\"code\":0,\"data\":{},\"msg\":\"更新成功\"}',1),
(12,'2023-11-11 13:24:32.047','2023-11-11 13:24:32.047',NULL,'127.0.0.1','POST','/menu/deleteBaseMenu',200,5565900,'Mozilla/5.0 (Windows NT 10.0; Win64; x64; rv:109.0) Gecko/20100101 Firefox/119.0','','{\"ID\":32}','{\"code\":0,\"data\":{},\"msg\":\"删除成功\"}',1),
(13,'2023-11-11 13:25:18.660','2023-11-11 13:25:18.660',NULL,'127.0.0.1','POST','/menu/addBaseMenu',200,2983400,'Mozilla/5.0 (Windows NT 10.0; Win64; x64; rv:109.0) Gecko/20100101 Firefox/119.0','','{\"ID\":0,\"path\":\"competitionPrize\",\"name\":\"competitionPrize\",\"hidden\":false,\"parentId\":\"0\",\"component\":\"view/competitionPrize/competitionPrize.vue\",\"meta\":{\"activeName\":\"\",\"title\":\"学科竞赛获奖申报\",\"icon\":\"aim\",\"defaultMenu\":false,\"closeTab\":false,\"keepAlive\":false},\"parameters\":[],\"menuBtn\":[]}','{\"code\":0,\"data\":{},\"msg\":\"添加成功\"}',1),
(14,'2023-11-11 13:25:27.971','2023-11-11 13:25:27.971',NULL,'127.0.0.1','POST','/menu/addMenuAuthority',200,5821800,'Mozilla/5.0 (Windows NT 10.0; Win64; x64; rv:109.0) Gecko/20100101 Firefox/119.0','','{\"menus\":[{\"ID\":22,\"CreatedAt\":\"2023-11-10T16:24:54.203+08:00\",\"UpdatedAt\":\"2023-11-10T16:24:54.203+08:00\",\"parentId\":\"0\",\"path\":\"https://www.gin-vue-admin.com\",\"name\":\"https://www.gin-vue-admin.com\",\"hidden\":false,\"component\":\"/\",\"sort\":0,\"meta\":{\"activeName\":\"\",\"keepAlive\":false,\"defaultMenu\":false,\"title\":\"官方网站\",\"icon\":\"home-filled\",\"closeTab\":false},\"authoritys\":null,\"children\":null,\"parameters\":[],\"menuBtn\":[]},{\"ID\":31,\"CreatedAt\":\"2023-11-11T13:11:26.292+08:00\",\"UpdatedAt\":\"2023-11-11T13:23:43.389+08:00\",\"parentId\":\"0\",\"path\":\"ApplySystem\",\"name\":\"ApplySystem\",\"hidden\":false,\"component\":\"view/competitionPrize/routerHolder.vue\",\"sort\":0,\"meta\":{\"activeName\":\"\",\"keepAlive\":false,\"defaultMenu\":false,\"title\":\"成绩申报系统\",\"icon\":\"checked\",\"closeTab\":false},\"authoritys\":null,\"children\":null,\"parameters\":[],\"menuBtn\":[]},{\"ID\":33,\"CreatedAt\":\"2023-11-11T13:25:18.658+08:00\",\"UpdatedAt\":\"2023-11-11T13:25:18.658+08:00\",\"parentId\":\"0\",\"path\":\"competitionPrize\",\"name\":\"competitionPrize\",\"hidden\":false,\"component\":\"view/competitionPrize/competitionPrize.vue\",\"sort\":0,\"meta\":{\"activeName\":\"\",\"keepAlive\":false,\"defaultMenu\":false,\"title\":\"学科竞赛获奖申报\",\"icon\":\"aim\",\"closeTab\":false},\"authoritys\":null,\"children\":null,\"parameters\":[],\"menuBtn\":[]},{\"ID\":1,\"CreatedAt\":\"2023-11-10T16:24:54.203+08:00\",\"UpdatedAt\":\"2023-11-10T16:24:54.203+08:00\",\"parentId\":\"0\",\"path\":\"dashboard\",\"name\":\"dashboard\",\"hidden\":false,\"component\":\"view/dashboard/index.vue\",\"sort\":1,\"meta\":{\"activeName\":\"\",\"keepAlive\":false,\"defaultMenu\":false,\"title\":\"仪表盘\",\"icon\":\"odometer\",\"closeTab\":false},\"authoritys\":null,\"children\":null,\"parameters\":[],\"menuBtn\":[]},{\"ID\":3,\"CreatedAt\":\"2023-11-10T16:24:54.203+08:00\",\"UpdatedAt\":\"2023-11-10T16:24:54.203+08:00\",\"parentId\":\"0\",\"path\":\"admin\",\"name\":\"superAdmin\",\"hidden\":false,\"component\":\"view/superAdmin/index.vue\",\"sort\":3,\"meta\":{\"activeName\":\"\",\"keepAlive\":false,\"defaultMenu\":false,\"title\":\"超级管理员\",\"icon\":\"user\",\"closeTab\":false},\"authoritys\":null,\"children\":[{\"ID\":4,\"CreatedAt\":\"2023-11-10T16:24:54.203+08:00\",\"UpdatedAt\":\"2023-11-10T16:24:54.203+08:00\",\"parentId\":\"3\",\"path\":\"authority\",\"name\":\"authority\",\"hidden\":false,\"component\":\"view/superAdmin/authority/authority.vue\",\"sort\":1,\"meta\":{\"activeName\":\"\",\"keepAlive\":false,\"defaultMenu\":false,\"title\":\"角色管理\",\"icon\":\"avatar\",\"closeTab\":false},\"authoritys\":null,\"children\":null,\"parameters\":[],\"menuBtn\":[]},{\"ID\":5,\"CreatedAt\":\"2023-11-10T16:24:54.203+08:00\",\"UpdatedAt\":\"2023-11-10T16:24:54.203+08:00\",\"parentId\":\"3\",\"path\":\"menu\",\"name\":\"menu\",\"hidden\":false,\"component\":\"view/superAdmin/menu/menu.vue\",\"sort\":2,\"meta\":{\"activeName\":\"\",\"keepAlive\":true,\"defaultMenu\":false,\"title\":\"菜单管理\",\"icon\":\"tickets\",\"closeTab\":false},\"authoritys\":null,\"children\":null,\"parameters\":[],\"menuBtn\":[]},{\"ID\":6,\"CreatedAt\":\"2023-11-10T16:24:54.203+08:00\",\"UpdatedAt\":\"2023-11-10T16:24:54.203+08:00\",\"parentId\":\"3\",\"path\":\"api\",\"name\":\"api\",\"hidden\":false,\"component\":\"view/superAdmin/api/api.vue\",\"sort\":3,\"meta\":{\"activeName\":\"\",\"keepAlive\":true,\"defaultMenu\":false,\"title\":\"api管理\",\"icon\":\"platform\",\"closeTab\":false},\"authoritys\":null,\"children\":null,\"parameters\":[],\"menuBtn\":[]},{\"ID\":7,\"CreatedAt\":\"2023-11-10T16:24:54.203+08:00\",\"UpdatedAt\":\"2023-11-10T16:24:54.203+08:00\",\"parentId\":\"3\",\"path\":\"user\",\"name\":\"user\",\"hidden\":false,\"component\":\"view/superAdmin/user/user.vue\",\"sort\":4,\"meta\":{\"activeName\":\"\",\"keepAlive\":false,\"defaultMenu\":false,\"title\":\"用户管理\",\"icon\":\"coordinate\",\"closeTab\":false},\"authoritys\":null,\"children\":null,\"parameters\":[],\"menuBtn\":[]},{\"ID\":8,\"CreatedAt\":\"2023-11-10T16:24:54.203+08:00\",\"UpdatedAt\":\"2023-11-10T16:24:54.203+08:00\",\"parentId\":\"3\",\"path\":\"dictionary\",\"name\":\"dictionary\",\"hidden\":false,\"component\":\"view/superAdmin/dictionary/sysDictionary.vue\",\"sort\":5,\"meta\":{\"activeName\":\"\",\"keepAlive\":false,\"defaultMenu\":false,\"title\":\"字典管理\",\"icon\":\"notebook\",\"closeTab\":false},\"authoritys\":null,\"children\":null,\"parameters\":[],\"menuBtn\":[]},{\"ID\":9,\"CreatedAt\":\"2023-11-10T16:24:54.203+08:00\",\"UpdatedAt\":\"2023-11-10T16:24:54.203+08:00\",\"parentId\":\"3\",\"path\":\"operation\",\"name\":\"operation\",\"hidden\":false,\"component\":\"view/superAdmin/operation/sysOperationRecord.vue\",\"sort\":6,\"meta\":{\"activeName\":\"\",\"keepAlive\":false,\"defaultMenu\":false,\"title\":\"操作历史\",\"icon\":\"pie-chart\",\"closeTab\":false},\"authoritys\":null,\"children\":null,\"parameters\":[],\"menuBtn\":[]}],\"parameters\":[],\"menuBtn\":[]},{\"ID\":4,\"CreatedAt\":\"2023-11-10T16:24:54.203+08:00\",\"UpdatedAt\":\"2023-11-10T16:24:54.203+08:00\",\"parentId\":\"3\",\"path\":\"authority\",\"name\":\"authority\",\"hidden\":false,\"component\":\"view/superAdmin/authority/authority.vue\",\"sort\":1,\"meta\":{\"activeName\":\"\",\"keepAlive\":false,\"defaultMenu\":false,\"title\":\"角色管理\",\"icon\":\"avatar\",\"closeTab\":false},\"authoritys\":null,\"children\":null,\"parameters\":[],\"menuBtn\":[]},{\"ID\":5,\"CreatedAt\":\"2023-11-10T16:24:54.203+08:00\",\"UpdatedAt\":\"2023-11-10T16:24:54.203+08:00\",\"parentId\":\"3\",\"path\":\"menu\",\"name\":\"menu\",\"hidden\":false,\"component\":\"view/superAdmin/menu/menu.vue\",\"sort\":2,\"meta\":{\"activeName\":\"\",\"keepAlive\":true,\"defaultMenu\":false,\"title\":\"菜单管理\",\"icon\":\"tickets\",\"closeTab\":false},\"authoritys\":null,\"children\":null,\"parameters\":[],\"menuBtn\":[]},{\"ID\":6,\"CreatedAt\":\"2023-11-10T16:24:54.203+08:00\",\"UpdatedAt\":\"2023-11-10T16:24:54.203+08:00\",\"parentId\":\"3\",\"path\":\"api\",\"name\":\"api\",\"hidden\":false,\"component\":\"view/superAdmin/api/api.vue\",\"sort\":3,\"meta\":{\"activeName\":\"\",\"keepAlive\":true,\"defaultMenu\":false,\"title\":\"api管理\",\"icon\":\"platform\",\"closeTab\":false},\"authoritys\":null,\"children\":null,\"parameters\":[],\"menuBtn\":[]},{\"ID\":7,\"CreatedAt\":\"2023-11-10T16:24:54.203+08:00\",\"UpdatedAt\":\"2023-11-10T16:24:54.203+08:00\",\"parentId\":\"3\",\"path\":\"user\",\"name\":\"user\",\"hidden\":false,\"component\":\"view/superAdmin/user/user.vue\",\"sort\":4,\"meta\":{\"activeName\":\"\",\"keepAlive\":false,\"defaultMenu\":false,\"title\":\"用户管理\",\"icon\":\"coordinate\",\"closeTab\":false},\"authoritys\":null,\"children\":null,\"parameters\":[],\"menuBtn\":[]},{\"ID\":8,\"CreatedAt\":\"2023-11-10T16:24:54.203+08:00\",\"UpdatedAt\":\"2023-11-10T16:24:54.203+08:00\",\"parentId\":\"3\",\"path\":\"dictionary\",\"name\":\"dictionary\",\"hidden\":false,\"component\":\"view/superAdmin/dictionary/sysDictionary.vue\",\"sort\":5,\"meta\":{\"activeName\":\"\",\"keepAlive\":false,\"defaultMenu\":false,\"title\":\"字典管理\",\"icon\":\"notebook\",\"closeTab\":false},\"authoritys\":null,\"children\":null,\"parameters\":[],\"menuBtn\":[]},{\"ID\":9,\"CreatedAt\":\"2023-11-10T16:24:54.203+08:00\",\"UpdatedAt\":\"2023-11-10T16:24:54.203+08:00\",\"parentId\":\"3\",\"path\":\"operation\",\"name\":\"operation\",\"hidden\":false,\"component\":\"view/superAdmin/operation/sysOperationRecord.vue\",\"sort\":6,\"meta\":{\"activeName\":\"\",\"keepAlive\":false,\"defaultMenu\":false,\"title\":\"操作历史\",\"icon\":\"pie-chart\",\"closeTab\":false},\"authoritys\":null,\"children\":null,\"parameters\":[],\"menuBtn\":[]},{\"ID\":10,\"CreatedAt\":\"2023-11-10T16:24:54.203+08:00\",\"UpdatedAt\":\"2023-11-10T16:24:54.203+08:00\",\"parentId\":\"0\",\"path\":\"person\",\"name\":\"person\",\"hidden\":true,\"component\":\"view/person/person.vue\",\"sort\":4,\"meta\":{\"activeName\":\"\",\"keepAlive\":false,\"defaultMenu\":false,\"title\":\"个人信息\",\"icon\":\"message\",\"closeTab\":false},\"authoritys\":null,\"children\":null,\"parameters\":[],\"menuBtn\":[]},{\"ID\":15,\"CreatedAt\":\"2023-11-10T16:24:54.203+08:00\",\"UpdatedAt\":\"2023-11-10T16:24:54.203+08:00\",\"parentId\":\"0\",\"path\":\"systemTools\",\"name\":\"systemTools\",\"hidden\":false,\"component\":\"view/systemTools/index.vue\",\"sort\":5,\"meta\":{\"activeName\":\"\",\"keepAlive\":false,\"defaultMenu\":false,\"title\":\"系统工具\",\"icon\":\"tools\",\"closeTab\":false},\"authoritys\":null,\"children\":[{\"ID\":20,\"CreatedAt\":\"2023-11-10T16:24:54.203+08:00\",\"UpdatedAt\":\"2023-11-10T16:24:54.203+08:00\",\"parentId\":\"15\",\"path\":\"autoCodeEdit/:id\",\"name\":\"autoCodeEdit\",\"hidden\":true,\"component\":\"view/systemTools/autoCode/index.vue\",\"sort\":0,\"meta\":{\"activeName\":\"\",\"keepAlive\":false,\"defaultMenu\":false,\"title\":\"自动化代码-${id}\",\"icon\":\"magic-stick\",\"closeTab\":false},\"authoritys\":null,\"children\":null,\"parameters\":[],\"menuBtn\":[]},{\"ID\":21,\"CreatedAt\":\"2023-11-10T16:24:54.203+08:00\",\"UpdatedAt\":\"2023-11-10T16:24:54.203+08:00\",\"parentId\":\"15\",\"path\":\"autoPkg\",\"name\":\"autoPkg\",\"hidden\":false,\"component\":\"view/systemTools/autoPkg/autoPkg.vue\",\"sort\":0,\"meta\":{\"activeName\":\"\",\"keepAlive\":false,\"defaultMenu\":false,\"title\":\"自动化package\",\"icon\":\"folder\",\"closeTab\":false},\"authoritys\":null,\"children\":null,\"parameters\":[],\"menuBtn\":[]},{\"ID\":16,\"CreatedAt\":\"2023-11-10T16:24:54.203+08:00\",\"UpdatedAt\":\"2023-11-10T16:24:54.203+08:00\",\"parentId\":\"15\",\"path\":\"autoCode\",\"name\":\"autoCode\",\"hidden\":false,\"component\":\"view/systemTools/autoCode/index.vue\",\"sort\":1,\"meta\":{\"activeName\":\"\",\"keepAlive\":true,\"defaultMenu\":false,\"title\":\"代码生成器\",\"icon\":\"cpu\",\"closeTab\":false},\"authoritys\":null,\"children\":null,\"parameters\":[],\"menuBtn\":[]},{\"ID\":19,\"CreatedAt\":\"2023-11-10T16:24:54.203+08:00\",\"UpdatedAt\":\"2023-11-10T16:24:54.203+08:00\",\"parentId\":\"15\",\"path\":\"autoCodeAdmin\",\"name\":\"autoCodeAdmin\",\"hidden\":false,\"component\":\"view/systemTools/autoCodeAdmin/index.vue\",\"sort\":1,\"meta\":{\"activeName\":\"\",\"keepAlive\":false,\"defaultMenu\":false,\"title\":\"自动化代码管理\",\"icon\":\"magic-stick\",\"closeTab\":false},\"authoritys\":null,\"children\":null,\"parameters\":[],\"menuBtn\":[]},{\"ID\":17,\"CreatedAt\":\"2023-11-10T16:24:54.203+08:00\",\"UpdatedAt\":\"2023-11-10T16:24:54.203+08:00\",\"parentId\":\"15\",\"path\":\"formCreate\",\"name\":\"formCreate\",\"hidden\":false,\"component\":\"view/systemTools/formCreate/index.vue\",\"sort\":2,\"meta\":{\"activeName\":\"\",\"keepAlive\":true,\"defaultMenu\":false,\"title\":\"表单生成器\",\"icon\":\"magic-stick\",\"closeTab\":false},\"authoritys\":null,\"children\":null,\"parameters\":[],\"menuBtn\":[]},{\"ID\":18,\"CreatedAt\":\"2023-11-10T16:24:54.203+08:00\",\"UpdatedAt\":\"2023-11-10T16:24:54.203+08:00\",\"parentId\":\"15\",\"path\":\"system\",\"name\":\"system\",\"hidden\":false,\"component\":\"view/systemTools/system/system.vue\",\"sort\":3,\"meta\":{\"activeName\":\"\",\"keepAlive\":false,\"defaultMenu\":false,\"title\":\"系统配置\",\"icon\":\"operation\",\"closeTab\":false},\"authoritys\":null,\"children\":null,\"parameters\":[],\"menuBtn\":[]},{\"ID\":30,\"CreatedAt\":\"2023-11-10T16:24:54.203+08:00\",\"UpdatedAt\":\"2023-11-10T16:24:54.203+08:00\",\"parentId\":\"15\",\"path\":\"chatTable\",\"name\":\"chatTable\",\"hidden\":false,\"component\":\"view/chatgpt/chatTable.vue\",\"sort\":6,\"meta\":{\"activeName\":\"\",\"keepAlive\":false,\"defaultMenu\":false,\"title\":\"万用表格\",\"icon\":\"chat-dot-square\",\"closeTab\":false},\"authoritys\":null,\"children\":null,\"parameters\":[],\"menuBtn\":[]}],\"parameters\":[],\"menuBtn\":[]},{\"ID\":20,\"CreatedAt\":\"2023-11-10T16:24:54.203+08:00\",\"UpdatedAt\":\"2023-11-10T16:24:54.203+08:00\",\"parentId\":\"15\",\"path\":\"autoCodeEdit/:id\",\"name\":\"autoCodeEdit\",\"hidden\":true,\"component\":\"view/systemTools/autoCode/index.vue\",\"sort\":0,\"meta\":{\"activeName\":\"\",\"keepAlive\":false,\"defaultMenu\":false,\"title\":\"自动化代码-${id}\",\"icon\":\"magic-stick\",\"closeTab\":false},\"authoritys\":null,\"children\":null,\"parameters\":[],\"menuBtn\":[]},{\"ID\":21,\"CreatedAt\":\"2023-11-10T16:24:54.203+08:00\",\"UpdatedAt\":\"2023-11-10T16:24:54.203+08:00\",\"parentId\":\"15\",\"path\":\"autoPkg\",\"name\":\"autoPkg\",\"hidden\":false,\"component\":\"view/systemTools/autoPkg/autoPkg.vue\",\"sort\":0,\"meta\":{\"activeName\":\"\",\"keepAlive\":false,\"defaultMenu\":false,\"title\":\"自动化package\",\"icon\":\"folder\",\"closeTab\":false},\"authoritys\":null,\"children\":null,\"parameters\":[],\"menuBtn\":[]},{\"ID\":16,\"CreatedAt\":\"2023-11-10T16:24:54.203+08:00\",\"UpdatedAt\":\"2023-11-10T16:24:54.203+08:00\",\"parentId\":\"15\",\"path\":\"autoCode\",\"name\":\"autoCode\",\"hidden\":false,\"component\":\"view/systemTools/autoCode/index.vue\",\"sort\":1,\"meta\":{\"activeName\":\"\",\"keepAlive\":true,\"defaultMenu\":false,\"title\":\"代码生成器\",\"icon\":\"cpu\",\"closeTab\":false},\"authoritys\":null,\"children\":null,\"parameters\":[],\"menuBtn\":[]},{\"ID\":19,\"CreatedAt\":\"2023-11-10T16:24:54.203+08:00\",\"UpdatedAt\":\"2023-11-10T16:24:54.203+08:00\",\"parentId\":\"15\",\"path\":\"autoCodeAdmin\",\"name\":\"autoCodeAdmin\",\"hidden\":false,\"component\":\"view/systemTools/autoCodeAdmin/index.vue\",\"sort\":1,\"meta\":{\"activeName\":\"\",\"keepAlive\":false,\"defaultMenu\":false,\"title\":\"自动化代码管理\",\"icon\":\"magic-stick\",\"closeTab\":false},\"authoritys\":null,\"children\":null,\"parameters\":[],\"menuBtn\":[]},{\"ID\":17,\"CreatedAt\":\"2023-11-10T16:24:54.203+08:00\",\"UpdatedAt\":\"2023-11-10T16:24:54.203+08:00\",\"parentId\":\"15\",\"path\":\"formCreate\",\"name\":\"formCreate\",\"hidden\":false,\"component\":\"view/systemTools/formCreate/index.vue\",\"sort\":2,\"meta\":{\"activeName\":\"\",\"keepAlive\":true,\"defaultMenu\":false,\"title\":\"表单生成器\",\"icon\":\"magic-stick\",\"closeTab\":false},\"authoritys\":null,\"children\":null,\"parameters\":[],\"menuBtn\":[]},{\"ID\":18,\"CreatedAt\":\"2023-11-10T16:24:54.203+08:00\",\"UpdatedAt\":\"2023-11-10T16:24:54.203+08:00\",\"parentId\":\"15\",\"path\":\"system\",\"name\":\"system\",\"hidden\":false,\"component\":\"view/systemTools/system/system.vue\",\"sort\":3,\"meta\":{\"activeName\":\"\",\"keepAlive\":false,\"defaultMenu\":false,\"title\":\"系统配置\",\"icon\":\"operation\",\"closeTab\":false},\"authoritys\":null,\"children\":null,\"parameters\":[],\"menuBtn\":[]},{\"ID\":30,\"CreatedAt\":\"2023-11-10T16:24:54.203+08:00\",\"UpdatedAt\":\"2023-11-10T16:24:54.203+08:00\",\"parentId\":\"15\",\"path\":\"chatTable\",\"name\":\"chatTable\",\"hidden\":false,\"component\":\"view/chatgpt/chatTable.vue\",\"sort\":6,\"meta\":{\"activeName\":\"\",\"keepAlive\":false,\"defaultMenu\":false,\"title\":\"万用表格\",\"icon\":\"chat-dot-square\",\"closeTab\":false},\"authoritys\":null,\"children\":null,\"parameters\":[],\"menuBtn\":[]},{\"ID\":24,\"CreatedAt\":\"2023-11-10T16:24:54.203+08:00\",\"UpdatedAt\":\"2023-11-10T16:24:54.203+08:00\",\"parentId\":\"0\",\"path\":\"plugin\",\"name\":\"plugin\",\"hidden\":false,\"component\":\"view/routerHolder.vue\",\"sort\":6,\"meta\":{\"activeName\":\"\",\"keepAlive\":false,\"defaultMenu\":false,\"title\":\"插件系统\",\"icon\":\"cherry\",\"closeTab\":false},\"authoritys\":null,\"children\":[{\"ID\":25,\"CreatedAt\":\"2023-11-10T16:24:54.203+08:00\",\"UpdatedAt\":\"2023-11-10T16:24:54.203+08:00\",\"parentId\":\"24\",\"path\":\"https://plugin.gin-vue-admin.com/\",\"name\":\"https://plugin.gin-vue-admin.com/\",\"hidden\":false,\"component\":\"https://plugin.gin-vue-admin.com/\",\"sort\":0,\"meta\":{\"activeName\":\"\",\"keepAlive\":false,\"defaultMenu\":false,\"title\":\"插件市场\",\"icon\":\"shop\",\"closeTab\":false},\"authoritys\":null,\"children\":null,\"parameters\":[],\"menuBtn\":[]},{\"ID\":26,\"CreatedAt\":\"2023-11-10T16:24:54.203+08:00\",\"UpdatedAt\":\"2023-11-10T16:24:54.203+08:00\",\"parentId\":\"24\",\"path\":\"installPlugin\",\"name\":\"installPlugin\",\"hidden\":false,\"component\":\"view/systemTools/installPlugin/index.vue\",\"sort\":1,\"meta\":{\"activeName\":\"\",\"keepAlive\":false,\"defaultMenu\":false,\"title\":\"插件安装\",\"icon\":\"box\",\"closeTab\":false},\"authoritys\":null,\"children\":null,\"parameters\":[],\"menuBtn\":[]},{\"ID\":27,\"CreatedAt\":\"2023-11-10T16:24:54.203+08:00\",\"UpdatedAt\":\"2023-11-10T16:24:54.203+08:00\",\"parentId\":\"24\",\"path\":\"autoPlug\",\"name\":\"autoPlug\",\"hidden\":false,\"component\":\"view/systemTools/autoPlug/autoPlug.vue\",\"sort\":2,\"meta\":{\"activeName\":\"\",\"keepAlive\":false,\"defaultMenu\":false,\"title\":\"插件模板\",\"icon\":\"folder\",\"closeTab\":false},\"authoritys\":null,\"children\":null,\"parameters\":[],\"menuBtn\":[]},{\"ID\":28,\"CreatedAt\":\"2023-11-10T16:24:54.203+08:00\",\"UpdatedAt\":\"2023-11-10T16:24:54.203+08:00\",\"parentId\":\"24\",\"path\":\"pubPlug\",\"name\":\"pubPlug\",\"hidden\":false,\"component\":\"view/systemTools/pubPlug/pubPlug.vue\",\"sort\":3,\"meta\":{\"activeName\":\"\",\"keepAlive\":false,\"defaultMenu\":false,\"title\":\"打包插件\",\"icon\":\"files\",\"closeTab\":false},\"authoritys\":null,\"children\":null,\"parameters\":[],\"menuBtn\":[]},{\"ID\":29,\"CreatedAt\":\"2023-11-10T16:24:54.203+08:00\",\"UpdatedAt\":\"2023-11-10T16:24:54.203+08:00\",\"parentId\":\"24\",\"path\":\"plugin-email\",\"name\":\"plugin-email\",\"hidden\":false,\"component\":\"plugin/email/view/index.vue\",\"sort\":4,\"meta\":{\"activeName\":\"\",\"keepAlive\":false,\"defaultMenu\":false,\"title\":\"邮件插件\",\"icon\":\"message\",\"closeTab\":false},\"authoritys\":null,\"children\":null,\"parameters\":[],\"menuBtn\":[]}],\"parameters\":[],\"menuBtn\":[]},{\"ID\":25,\"CreatedAt\":\"2023-11-10T16:24:54.203+08:00\",\"UpdatedAt\":\"2023-11-10T16:24:54.203+08:00\",\"parentId\":\"24\",\"path\":\"https://plugin.gin-vue-admin.com/\",\"name\":\"https://plugin.gin-vue-admin.com/\",\"hidden\":false,\"component\":\"https://plugin.gin-vue-admin.com/\",\"sort\":0,\"meta\":{\"activeName\":\"\",\"keepAlive\":false,\"defaultMenu\":false,\"title\":\"插件市场\",\"icon\":\"shop\",\"closeTab\":false},\"authoritys\":null,\"children\":null,\"parameters\":[],\"menuBtn\":[]},{\"ID\":26,\"CreatedAt\":\"2023-11-10T16:24:54.203+08:00\",\"UpdatedAt\":\"2023-11-10T16:24:54.203+08:00\",\"parentId\":\"24\",\"path\":\"installPlugin\",\"name\":\"installPlugin\",\"hidden\":false,\"component\":\"view/systemTools/installPlugin/index.vue\",\"sort\":1,\"meta\":{\"activeName\":\"\",\"keepAlive\":false,\"defaultMenu\":false,\"title\":\"插件安装\",\"icon\":\"box\",\"closeTab\":false},\"authoritys\":null,\"children\":null,\"parameters\":[],\"menuBtn\":[]},{\"ID\":27,\"CreatedAt\":\"2023-11-10T16:24:54.203+08:00\",\"UpdatedAt\":\"2023-11-10T16:24:54.203+08:00\",\"parentId\":\"24\",\"path\":\"autoPlug\",\"name\":\"autoPlug\",\"hidden\":false,\"component\":\"view/systemTools/autoPlug/autoPlug.vue\",\"sort\":2,\"meta\":{\"activeName\":\"\",\"keepAlive\":false,\"defaultMenu\":false,\"title\":\"插件模板\",\"icon\":\"folder\",\"closeTab\":false},\"authoritys\":null,\"children\":null,\"parameters\":[],\"menuBtn\":[]},{\"ID\":28,\"CreatedAt\":\"2023-11-10T16:24:54.203+08:00\",\"UpdatedAt\":\"2023-11-10T16:24:54.203+08:00\",\"parentId\":\"24\",\"path\":\"pubPlug\",\"name\":\"pubPlug\",\"hidden\":false,\"component\":\"view/systemTools/pubPlug/pubPlug.vue\",\"sort\":3,\"meta\":{\"activeName\":\"\",\"keepAlive\":false,\"defaultMenu\":false,\"title\":\"打包插件\",\"icon\":\"files\",\"closeTab\":false},\"authoritys\":null,\"children\":null,\"parameters\":[],\"menuBtn\":[]},{\"ID\":29,\"CreatedAt\":\"2023-11-10T16:24:54.203+08:00\",\"UpdatedAt\":\"2023-11-10T16:24:54.203+08:00\",\"parentId\":\"24\",\"path\":\"plugin-email\",\"name\":\"plugin-email\",\"hidden\":false,\"component\":\"plugin/email/view/index.vue\",\"sort\":4,\"meta\":{\"activeName\":\"\",\"keepAlive\":false,\"defaultMenu\":false,\"title\":\"邮件插件\",\"icon\":\"message\",\"closeTab\":false},\"authoritys\":null,\"children\":null,\"parameters\":[],\"menuBtn\":[]},{\"ID\":11,\"CreatedAt\":\"2023-11-10T16:24:54.203+08:00\",\"UpdatedAt\":\"2023-11-10T16:24:54.203+08:00\",\"parentId\":\"0\",\"path\":\"example\",\"name\":\"example\",\"hidden\":false,\"component\":\"view/example/index.vue\",\"sort\":7,\"meta\":{\"activeName\":\"\",\"keepAlive\":false,\"defaultMenu\":false,\"title\":\"示例文件\",\"icon\":\"management\",\"closeTab\":false},\"authoritys\":null,\"children\":[{\"ID\":12,\"CreatedAt\":\"2023-11-10T16:24:54.203+08:00\",\"UpdatedAt\":\"2023-11-10T16:24:54.203+08:00\",\"parentId\":\"11\",\"path\":\"upload\",\"name\":\"upload\",\"hidden\":false,\"component\":\"view/example/upload/upload.vue\",\"sort\":5,\"meta\":{\"activeName\":\"\",\"keepAlive\":false,\"defaultMenu\":false,\"title\":\"媒体库（上传下载）\",\"icon\":\"upload\",\"closeTab\":false},\"authoritys\":null,\"children\":null,\"parameters\":[],\"menuBtn\":[]},{\"ID\":13,\"CreatedAt\":\"2023-11-10T16:24:54.203+08:00\",\"UpdatedAt\":\"2023-11-10T16:24:54.203+08:00\",\"parentId\":\"11\",\"path\":\"breakpoint\",\"name\":\"breakpoint\",\"hidden\":false,\"component\":\"view/example/breakpoint/breakpoint.vue\",\"sort\":6,\"meta\":{\"activeName\":\"\",\"keepAlive\":false,\"defaultMenu\":false,\"title\":\"断点续传\",\"icon\":\"upload-filled\",\"closeTab\":false},\"authoritys\":null,\"children\":null,\"parameters\":[],\"menuBtn\":[]},{\"ID\":14,\"CreatedAt\":\"2023-11-10T16:24:54.203+08:00\",\"UpdatedAt\":\"2023-11-10T16:24:54.203+08:00\",\"parentId\":\"11\",\"path\":\"customer\",\"name\":\"customer\",\"hidden\":false,\"component\":\"view/example/customer/customer.vue\",\"sort\":7,\"meta\":{\"activeName\":\"\",\"keepAlive\":false,\"defaultMenu\":false,\"title\":\"客户列表（资源示例）\",\"icon\":\"avatar\",\"closeTab\":false},\"authoritys\":null,\"children\":null,\"parameters\":[],\"menuBtn\":[]}],\"parameters\":[],\"menuBtn\":[]},{\"ID\":12,\"CreatedAt\":\"2023-11-10T16:24:54.203+08:00\",\"UpdatedAt\":\"2023-11-10T16:24:54.203+08:00\",\"parentId\":\"11\",\"path\":\"upload\",\"name\":\"upload\",\"hidden\":false,\"component\":\"view/example/upload/upload.vue\",\"sort\":5,\"meta\":{\"activeName\":\"\",\"keepAlive\":false,\"defaultMenu\":false,\"title\":\"媒体库（上传下载）\",\"icon\":\"upload\",\"closeTab\":false},\"authoritys\":null,\"children\":null,\"parameters\":[],\"menuBtn\":[]},{\"ID\":13,\"CreatedAt\":\"2023-11-10T16:24:54.203+08:00\",\"UpdatedAt\":\"2023-11-10T16:24:54.203+08:00\",\"parentId\":\"11\",\"path\":\"breakpoint\",\"name\":\"breakpoint\",\"hidden\":false,\"component\":\"view/example/breakpoint/breakpoint.vue\",\"sort\":6,\"meta\":{\"activeName\":\"\",\"keepAlive\":false,\"defaultMenu\":false,\"title\":\"断点续传\",\"icon\":\"upload-filled\",\"closeTab\":false},\"authoritys\":null,\"children\":null,\"parameters\":[],\"menuBtn\":[]},{\"ID\":14,\"CreatedAt\":\"2023-11-10T16:24:54.203+08:00\",\"UpdatedAt\":\"2023-11-10T16:24:54.203+08:00\",\"parentId\":\"11\",\"path\":\"customer\",\"name\":\"customer\",\"hidden\":false,\"component\":\"view/example/customer/customer.vue\",\"sort\":7,\"meta\":{\"activeName\":\"\",\"keepAlive\":false,\"defaultMenu\":false,\"title\":\"客户列表（资源示例）\",\"icon\":\"avatar\",\"closeTab\":false},\"authoritys\":null,\"children\":null,\"parameters\":[],\"menuBtn\":[]},{\"ID\":23,\"CreatedAt\":\"2023-11-10T16:24:54.203+08:00\",\"UpdatedAt\":\"2023-11-10T16:24:54.203+08:00\",\"parentId\":\"0\",\"path\":\"state\",\"name\":\"state\",\"hidden\":false,\"component\":\"view/system/state.vue\",\"sort\":8,\"meta\":{\"activeName\":\"\",\"keepAlive\":false,\"defaultMenu\":false,\"title\":\"服务器状态\",\"icon\":\"cloudy\",\"closeTab\":false},\"authoritys\":null,\"children\":null,\"parameters\":[],\"menuBtn\":[]},{\"ID\":2,\"CreatedAt\":\"2023-11-10T16:24:54.203+08:00\",\"UpdatedAt\":\"2023-11-10T16:24:54.203+08:00\",\"parentId\":\"0\",\"path\":\"about\",\"name\":\"about\",\"hidden\":false,\"component\":\"view/about/index.vue\",\"sort\":9,\"meta\":{\"activeName\":\"\",\"keepAlive\":false,\"defaultMenu\":false,\"title\":\"关于我们\",\"icon\":\"info-filled\",\"closeTab\":false},\"authoritys\":null,\"children\":null,\"parameters\":[],\"menuBtn\":[]}],\"authorityId\":888}','{\"code\":0,\"data\":{},\"msg\":\"添加成功\"}',1),
(15,'2023-11-11 13:26:57.604','2023-11-11 13:26:57.604',NULL,'127.0.0.1','POST','/menu/updateBaseMenu',200,2989600,'Mozilla/5.0 (Windows NT 10.0; Win64; x64; rv:109.0) Gecko/20100101 Firefox/119.0','','{\"ID\":33,\"CreatedAt\":\"2023-11-11T13:25:18.658+08:00\",\"UpdatedAt\":\"2023-11-11T13:25:18.658+08:00\",\"parentId\":\"0\",\"path\":\"competitionPrize\",\"name\":\"competitionPrize\",\"hidden\":false,\"component\":\"view/applySystem/competitionPrize/competitionPrize.vue\",\"sort\":0,\"meta\":{\"activeName\":\"\",\"keepAlive\":false,\"defaultMenu\":false,\"title\":\"学科竞赛获奖申报\",\"icon\":\"aim\",\"closeTab\":false},\"authoritys\":null,\"children\":null,\"parameters\":[],\"menuBtn\":[]}','{\"code\":0,\"data\":{},\"msg\":\"更新成功\"}',1),
(16,'2023-11-11 13:27:40.847','2023-11-11 13:27:40.847',NULL,'127.0.0.1','POST','/menu/updateBaseMenu',200,3333600,'Mozilla/5.0 (Windows NT 10.0; Win64; x64; rv:109.0) Gecko/20100101 Firefox/119.0','','{\"ID\":33,\"CreatedAt\":\"2023-11-11T13:25:18.658+08:00\",\"UpdatedAt\":\"2023-11-11T13:26:57.602+08:00\",\"parentId\":\"0\",\"path\":\"competitionPrize\",\"name\":\"competitionPrize\",\"hidden\":false,\"component\":\"view/applySystem/competitionPrize/competitionPrize.vue\",\"sort\":0,\"meta\":{\"activeName\":\"\",\"keepAlive\":false,\"defaultMenu\":false,\"title\":\"学科竞赛获奖申报\",\"icon\":\"aim\",\"closeTab\":false},\"authoritys\":null,\"children\":null,\"parameters\":[],\"menuBtn\":[]}','{\"code\":0,\"data\":{},\"msg\":\"更新成功\"}',1),
(17,'2023-11-11 13:29:28.648','2023-11-11 13:29:28.648',NULL,'127.0.0.1','POST','/menu/updateBaseMenu',200,3512900,'Mozilla/5.0 (Windows NT 10.0; Win64; x64; rv:109.0) Gecko/20100101 Firefox/119.0','','{\"ID\":31,\"CreatedAt\":\"2023-11-11T13:11:26.292+08:00\",\"UpdatedAt\":\"2023-11-11T13:23:43.389+08:00\",\"parentId\":\"0\",\"path\":\"ApplySystem\",\"name\":\"ApplySystem\",\"hidden\":false,\"component\":\"view/applySystem/routerHolder.vue\",\"sort\":0,\"meta\":{\"activeName\":\"\",\"keepAlive\":false,\"defaultMenu\":false,\"title\":\"成绩申报系统\",\"icon\":\"checked\",\"closeTab\":false},\"authoritys\":null,\"children\":null,\"parameters\":[],\"menuBtn\":[]}','{\"code\":0,\"data\":{},\"msg\":\"更新成功\"}',1),
(18,'2023-11-11 13:30:02.070','2023-11-11 13:30:02.070',NULL,'127.0.0.1','POST','/menu/updateBaseMenu',200,4329500,'Mozilla/5.0 (Windows NT 10.0; Win64; x64; rv:109.0) Gecko/20100101 Firefox/119.0','','{\"ID\":31,\"CreatedAt\":\"2023-11-11T13:11:26.292+08:00\",\"UpdatedAt\":\"2023-11-11T13:29:28.647+08:00\",\"parentId\":\"0\",\"path\":\"routerHolder\",\"name\":\"routerHolder\",\"hidden\":false,\"component\":\"view/applySystem/routerHolder.vue\",\"sort\":0,\"meta\":{\"activeName\":\"\",\"keepAlive\":false,\"defaultMenu\":false,\"title\":\"成绩申报系统\",\"icon\":\"checked\",\"closeTab\":false},\"authoritys\":null,\"children\":null,\"parameters\":[],\"menuBtn\":[]}','{\"code\":0,\"data\":{},\"msg\":\"更新成功\"}',1),
(19,'2023-11-11 13:31:23.009','2023-11-11 13:31:23.009',NULL,'127.0.0.1','POST','/menu/updateBaseMenu',200,3434500,'Mozilla/5.0 (Windows NT 10.0; Win64; x64; rv:109.0) Gecko/20100101 Firefox/119.0','','{\"ID\":31,\"CreatedAt\":\"2023-11-11T13:11:26.292+08:00\",\"UpdatedAt\":\"2023-11-11T13:30:02.068+08:00\",\"parentId\":\"0\",\"path\":\"applySystem\",\"name\":\"applySystem\",\"hidden\":false,\"component\":\"view/applySystem/routerHolder.vue\",\"sort\":0,\"meta\":{\"activeName\":\"\",\"keepAlive\":false,\"defaultMenu\":false,\"title\":\"成绩申报系统\",\"icon\":\"checked\",\"closeTab\":false},\"authoritys\":null,\"children\":null,\"parameters\":[],\"menuBtn\":[]}','{\"code\":0,\"data\":{},\"msg\":\"更新成功\"}',1),
(20,'2023-11-11 13:31:35.913','2023-11-11 13:31:35.913',NULL,'127.0.0.1','POST','/menu/updateBaseMenu',200,3210800,'Mozilla/5.0 (Windows NT 10.0; Win64; x64; rv:109.0) Gecko/20100101 Firefox/119.0','','{\"ID\":33,\"CreatedAt\":\"2023-11-11T13:25:18.658+08:00\",\"UpdatedAt\":\"2023-11-11T13:27:40.845+08:00\",\"parentId\":\"31\",\"path\":\"competitionPrize\",\"name\":\"competitionPrize\",\"hidden\":false,\"component\":\"view/applySystem/competitionPrize/competitionPrize.vue\",\"sort\":0,\"meta\":{\"activeName\":\"\",\"keepAlive\":false,\"defaultMenu\":false,\"title\":\"学科竞赛获奖申报\",\"icon\":\"aim\",\"closeTab\":false},\"authoritys\":null,\"children\":null,\"parameters\":[],\"menuBtn\":[]}','{\"code\":0,\"data\":{},\"msg\":\"更新成功\"}',1);

/*Data for the table `sys_user_authority` */

insert  into `sys_user_authority`(`sys_user_id`,`sys_authority_authority_id`) values 
(1,888),
(1,8881),
(1,9528),
(2,888);

/*Data for the table `sys_users` */

insert  into `sys_users`(`id`,`created_at`,`updated_at`,`deleted_at`,`uuid`,`username`,`password`,`nick_name`,`side_mode`,`header_img`,`base_color`,`active_color`,`authority_id`,`phone`,`email`,`enable`) values 
(1,'2023-11-10 16:24:54.308','2023-11-10 16:45:18.777',NULL,'87efc056-7866-4cad-b15b-545de1d4342a','admin','$2a$10$.a/.T7Ura5gaBIwFcsBIPuTheyHnQfx38sFIM8XS/HrEgysjyh3k.','Mr.奇淼','dark','https://qmplusimg.henrongyi.top/gva_header.jpg','#fff','#1890ff',888,'17611111111','333333333@qq.com',1),
(2,'2023-11-10 16:24:54.308','2023-11-10 16:24:54.311',NULL,'ecd7580a-c902-4900-b85f-e077d41a873a','a303176530','$2a$10$PYkuIIN.C7xb2SkBUwvZ8.U.1GrZVxJgWAwKEeD2VKYEYoB0X3uba','用户1','dark','https:///qmplusimg.henrongyi.top/1572075907logo.png','#fff','#1890ff',9528,'17611111111','333333333@qq.com',1);

/*!40101 SET SQL_MODE=@OLD_SQL_MODE */;
/*!40014 SET FOREIGN_KEY_CHECKS=@OLD_FOREIGN_KEY_CHECKS */;
/*!40014 SET UNIQUE_CHECKS=@OLD_UNIQUE_CHECKS */;
/*!40111 SET SQL_NOTES=@OLD_SQL_NOTES */;
